station_id,station_name,city,state,latitude,longitude,status,openaq_location_id,openaq_location_name,available_sensors,is_trained_station,is_active
GJ001,"Maninagar, Ahmedabad - GPCB",Ahmedabad,Gujarat,23.02579,72.58727,Active,5631,"Maninagar, Ahmedabad - GPCB","[{""id"": 12235666, ""name"": ""co ppb"", ""parameter"": {""id"": 102, ""name"": ""co"", ""units"": ""ppb"", ""displayName"": ""CO""}}, {""id"": 14996, ""name"": ""co µg/m³"", ""parameter"": {""id"": 4, ""name"": ""co"", ""units"": ""µg/m³"", ""displayName"": ""CO mass""}}, {""id"": 12235667, ""name"": ""no ppb"", ""parameter"": {""id"": 24, ""name"": ""no"", ""units"": ""ppb"", ""displayName"": ""NO""}}, {""id"": 12235668, ""name"": ""no2 ppb"", ""parameter"": {""id"": 15, ""name"": ""no2"", ""units"": ""ppb"", ""displayName"": ""NO₂""}}, {""id"": 14991, ""name"": ""no2 µg/m³"", ""parameter"": {""id"": 5, ""name"": ""no2"", ""units"": ""µg/m³"", ""displayName"": ""NO₂ mass""}}, {""id"": 14340876, ""name"": ""nox ppb"", ""parameter"": {""id"": 23, ""name"": ""nox"", ""units"": ""ppb"", ""displayName"": ""NOX""}}, {""id"": 14986, ""name"": ""o3 µg/m³"", ""parameter"": {""id"": 3, ""name"": ""o3"", ""units"": ""µg/m³"", ""displayName"": ""O₃ mass""}}, {""id"": 12235669, ""name"": ""o3 µg/m³"", ""parameter"": {""id"": 3, ""name"": ""o3"", ""units"": ""µg/m³"", ""displayName"": ""O₃ mass""}}, {""id"": 12235670, ""name"": ""pm10 µg/m³"", ""parameter"": {""id"": 1, ""name"": ""pm10"", ""units"": ""µg/m³"", ""displayName"": ""PM10""}}, {""id"": 35977, ""name"": ""pm10 µg/m³"", ""parameter"": {""id"": 1, ""name"": ""pm10"", ""units"": ""µg/m³"", ""displayName"": ""PM10""}}, {""id"": 14964, ""name"": ""pm25 µg/m³"", ""parameter"": {""id"": 2, ""name"": ""pm25"", ""units"": ""µg/m³"", ""displayName"": ""PM2.5""}}, {""id"": 12235671, ""name"": ""pm25 µg/m³"", ""parameter"": {""id"": 2, ""name"": ""pm25"", ""units"": ""µg/m³"", ""displayName"": ""PM2.5""}}, {""id"": 12235672, ""name"": ""relativehumidity %"", ""parameter"": {""id"": 98, ""name"": ""relativehumidity"", ""units"": ""%"", ""displayName"": ""RH""}}, {""id"": 12235673, ""name"": ""so2 ppb"", ""parameter"": {""id"": 101, ""name"": ""so2"", ""units"": ""ppb"", ""displayName"": ""SO₂""}}, {""id"": 14963, ""name"": ""so2 µg/m³"", ""parameter"": {""id"": 6, ""name"": ""so2"", ""units"": ""µg/m³"", ""displayName"": ""SO₂ mass""}}, {""id"": 12235674, ""name"": ""temperature c"", ""parameter"": {""id"": 100, ""name"": ""temperature"", ""units"": ""c"", ""displayName"": ""Temperature (C)""}}, {""id"": 14340877, ""name"": ""wind_direction deg"", ""parameter"": {""id"": 22, ""name"": ""wind_direction"", ""units"": ""deg"", ""displayName"": ""Wind direction""}}, {""id"": 14340878, ""name"": ""wind_speed m/s"", ""parameter"": {""id"": 34, ""name"": ""wind_speed"", ""units"": ""m/s"", ""displayName"": ""Wind speed""}}]",True,True
MZ001,"Sikulpuikawn, Aizawl - Mizoram PCB",Aizawl,Mizoram,23.72894,92.71791,Active,7880,"Sikulpuikawn, Aizawl - Mizoram PCB","[{""id"": 12236263, ""name"": ""co ppb"", ""parameter"": {""id"": 102, ""name"": ""co"", ""units"": ""ppb"", ""displayName"": ""CO""}}, {""id"": 22852, ""name"": ""co µg/m³"", ""parameter"": {""id"": 4, ""name"": ""co"", ""units"": ""µg/m³"", ""displayName"": ""CO mass""}}, {""id"": 12236264, ""name"": ""no ppb"", ""parameter"": {""id"": 24, ""name"": ""no"", ""units"": ""ppb"", ""displayName"": ""NO""}}, {""id"": 12236265, ""name"": ""no2 ppb"", ""parameter"": {""id"": 15, ""name"": ""no2"", ""units"": ""ppb"", ""displayName"": ""NO₂""}}, {""id"": 22851, ""name"": ""no2 µg/m³"", ""parameter"": {""id"": 5, ""name"": ""no2"", ""units"": ""µg/m³"", ""displayName"": ""NO₂ mass""}}, {""id"": 14340985, ""name"": ""nox ppb"", ""parameter"": {""id"": 23, ""name"": ""nox"", ""units"": ""ppb"", ""displayName"": ""NOX""}}, {""id"": 12236266, ""name"": ""o3 µg/m³"", ""parameter"": {""id"": 3, ""name"": ""o3"", ""units"": ""µg/m³"", ""displayName"": ""O₃ mass""}}, {""id"": 22850, ""name"": ""o3 µg/m³"", ""parameter"": {""id"": 3, ""name"": ""o3"", ""units"": ""µg/m³"", ""displayName"": ""O₃ mass""}}, {""id"": 22849, ""name"": ""pm10 µg/m³"", ""parameter"": {""id"": 1, ""name"": ""pm10"", ""units"": ""µg/m³"", ""displayName"": ""PM10""}}, {""id"": 12236267, ""name"": ""pm10 µg/m³"", ""parameter"": {""id"": 1, ""name"": ""pm10"", ""units"": ""µg/m³"", ""displayName"": ""PM10""}}, {""id"": 12236268, ""name"": ""pm25 µg/m³"", ""parameter"": {""id"": 2, ""name"": ""pm25"", ""units"": ""µg/m³"", ""displayName"": ""PM2.5""}}, {""id"": 22848, ""name"": ""pm25 µg/m³"", ""parameter"": {""id"": 2, ""name"": ""pm25"", ""units"": ""µg/m³"", ""displayName"": ""PM2.5""}}, {""id"": 12236269, ""name"": ""relativehumidity %"", ""parameter"": {""id"": 98, ""name"": ""relativehumidity"", ""units"": ""%"", ""displayName"": ""RH""}}, {""id"": 22847, ""name"": ""so2 µg/m³"", ""parameter"": {""id"": 6, ""name"": ""so2"", ""units"": ""µg/m³"", ""displayName"": ""SO₂ mass""}}, {""id"": 12236270, ""name"": ""so2 ppb"", ""parameter"": {""id"": 101, ""name"": ""so2"", ""units"": ""ppb"", ""displayName"": ""SO₂""}}, {""id"": 14342038, ""name"": ""wind_direction deg"", ""parameter"": {""id"": 22, ""name"": ""wind_direction"", ""units"": ""deg"", ""displayName"": ""Wind direction""}}, {""id"": 14342039, ""name"": ""wind_speed m/s"", ""parameter"": {""id"": 34, ""name"": ""wind_speed"", ""units"": ""m/s"", ""displayName"": ""Wind speed""}}]",True,True
AP001,"Secretariat, Amaravati - APPCB",Amaravati,Andhra Pradesh,16.514,80.516,Active,5408,"Secretariat, Amaravati - APPCB","[{""id"": 12234943, ""name"": ""co ppb"", ""parameter"": {""id"": 102, ""name"": ""co"", ""units"": ""ppb"", ""displayName"": ""CO""}}, {""id"": 12234944, ""name"": ""no ppb"", ""parameter"": {""id"": 24, ""name"": ""no"", ""units"": ""ppb"", ""displayName"": ""NO""}}, {""id"": 12234945, ""name"": ""no2 ppb"", ""parameter"": {""id"": 15, ""name"": ""no2"", ""units"": ""ppb"", ""displayName"": ""NO₂""}}, {""id"": 14340731, ""name"": ""nox ppb"", ""parameter"": {""id"": 23, ""name"": ""nox"", ""units"": ""ppb"", ""displayName"": ""NOX""}}, {""id"": 12234946, ""name"": ""o3 µg/m³"", ""parameter"": {""id"": 3, ""name"": ""o3"", ""units"": ""µg/m³"", ""displayName"": ""O₃ mass""}}, {""id"": 12234947, ""name"": ""pm10 µg/m³"", ""parameter"": {""id"": 1, ""name"": ""pm10"", ""units"": ""µg/m³"", ""displayName"": ""PM10""}}, {""id"": 12234948, ""name"": ""pm25 µg/m³"", ""parameter"": {""id"": 2, ""name"": ""pm25"", ""units"": ""µg/m³"", ""displayName"": ""PM2.5""}}, {""id"": 12234949, ""name"": ""relativehumidity %"", ""parameter"": {""id"": 98, ""name"": ""relativehumidity"", ""units"": ""%"", ""displayName"": ""RH""}}, {""id"": 12234950, ""name"": ""so2 ppb"", ""parameter"": {""id"": 101, ""name"": ""so2"", ""units"": ""ppb"", ""displayName"": ""SO₂""}}, {""id"": 12234951, ""name"": ""temperature c"", ""parameter"": {""id"": 100, ""name"": ""temperature"", ""units"": ""c"", ""displayName"": ""Temperature (C)""}}, {""id"": 14340732, ""name"": ""wind_direction deg"", ""parameter"": {""id"": 22, ""name"": ""wind_direction"", ""units"": ""deg"", ""displayName"": ""Wind direction""}}, {""id"": 14340733, ""name"": ""wind_speed m/s"", ""parameter"": {""id"": 34, ""name"": ""wind_speed"", ""units"": ""m/s"", ""displayName"": ""Wind speed""}}]",True,True
PB001,"Golden Temple, Amritsar - PPCB",Amritsar,Punjab,31.62234,74.87534,Active,5551,"Golden Temple, Amritsar - PPCB","[{""id"": 15062, ""name"": ""co µg/m³"", ""parameter"": {""id"": 4, ""name"": ""co"", ""units"": ""µg/m³"", ""displayName"": ""CO mass""}}, {""id"": 12235438, ""name"": ""co ppb"", ""parameter"": {""id"": 102, ""name"": ""co"", ""units"": ""ppb"", ""displayName"": ""CO""}}, {""id"": 12235439, ""name"": ""no ppb"", ""parameter"": {""id"": 24, ""name"": ""no"", ""units"": ""ppb"", ""displayName"": ""NO""}}, {""id"": 12235440, ""name"": ""no2 ppb"", ""parameter"": {""id"": 15, ""name"": ""no2"", ""units"": ""ppb"", ""displayName"": ""NO₂""}}, {""id"": 15067, ""name"": ""no2 µg/m³"", ""parameter"": {""id"": 5, ""name"": ""no2"", ""units"": ""µg/m³"", ""displayName"": ""NO₂ mass""}}, {""id"": 14341834, ""name"": ""nox ppb"", ""parameter"": {""id"": 23, ""name"": ""nox"", ""units"": ""ppb"", ""displayName"": ""NOX""}}, {""id"": 12235441, ""name"": ""o3 µg/m³"", ""parameter"": {""id"": 3, ""name"": ""o3"", ""units"": ""µg/m³"", ""displayName"": ""O₃ mass""}}, {""id"": 14659, ""name"": ""o3 µg/m³"", ""parameter"": {""id"": 3, ""name"": ""o3"", ""units"": ""µg/m³"", ""displayName"": ""O₃ mass""}}, {""id"": 12235442, ""name"": ""pm10 µg/m³"", ""parameter"": {""id"": 1, ""name"": ""pm10"", ""units"": ""µg/m³"", ""displayName"": ""PM10""}}, {""id"": 15083, ""name"": ""pm10 µg/m³"", ""parameter"": {""id"": 1, ""name"": ""pm10"", ""units"": ""µg/m³"", ""displayName"": ""PM10""}}, {""id"": 15088, ""name"": ""pm25 µg/m³"", ""parameter"": {""id"": 2, ""name"": ""pm25"", ""units"": ""µg/m³"", ""displayName"": ""PM2.5""}}, {""id"": 12235443, ""name"": ""pm25 µg/m³"", ""parameter"": {""id"": 2, ""name"": ""pm25"", ""units"": ""µg/m³"", ""displayName"": ""PM2.5""}}, {""id"": 12235444, ""name"": ""relativehumidity %"", ""parameter"": {""id"": 98, ""name"": ""relativehumidity"", ""units"": ""%"", ""displayName"": ""RH""}}, {""id"": 12235445, ""name"": ""so2 ppb"", ""parameter"": {""id"": 101, ""name"": ""so2"", ""units"": ""ppb"", ""displayName"": ""SO₂""}}, {""id"": 15108, ""name"": ""so2 µg/m³"", ""parameter"": {""id"": 6, ""name"": ""so2"", ""units"": ""µg/m³"", ""displayName"": ""SO₂ mass""}}, {""id"": 12235446, ""name"": ""temperature c"", ""parameter"": {""id"": 100, ""name"": ""temperature"", ""units"": ""c"", ""displayName"": ""Temperature (C)""}}, {""id"": 14341835, ""name"": ""wind_direction deg"", ""parameter"": {""id"": 22, ""name"": ""wind_direction"", ""units"": ""deg"", ""displayName"": ""Wind direction""}}, {""id"": 14341836, ""name"": ""wind_speed m/s"", ""parameter"": {""id"": 34, ""name"": ""wind_speed"", ""units"": ""m/s"", ""displayName"": ""Wind speed""}}]",True,True
KA002,"BTM Layout, Bengaluru - CPCB",Bengaluru,Karnataka,12.97194,77.59369,Active,5548,"BTM Layout, Bengaluru - CPCB","[{""id"": 14657, ""name"": ""co µg/m³"", ""parameter"": {""id"": 4, ""name"": ""co"", ""units"": ""µg/m³"", ""displayName"": ""CO mass""}}, {""id"": 12235356, ""name"": ""co ppb"", ""parameter"": {""id"": 102, ""name"": ""co"", ""units"": ""ppb"", ""displayName"": ""CO""}}, {""id"": 12235357, ""name"": ""no ppb"", ""parameter"": {""id"": 24, ""name"": ""no"", ""units"": ""ppb"", ""displayName"": ""NO""}}, {""id"": 12235358, ""name"": ""no2 ppb"", ""parameter"": {""id"": 15, ""name"": ""no2"", ""units"": ""ppb"", ""displayName"": ""NO₂""}}, {""id"": 14639, ""name"": ""no2 µg/m³"", ""parameter"": {""id"": 5, ""name"": ""no2"", ""units"": ""µg/m³"", ""displayName"": ""NO₂ mass""}}, {""id"": 14341816, ""name"": ""nox ppb"", ""parameter"": {""id"": 23, ""name"": ""nox"", ""units"": ""ppb"", ""displayName"": ""NOX""}}, {""id"": 14658, ""name"": ""o3 µg/m³"", ""parameter"": {""id"": 3, ""name"": ""o3"", ""units"": ""µg/m³"", ""displayName"": ""O₃ mass""}}, {""id"": 12235359, ""name"": ""o3 µg/m³"", ""parameter"": {""id"": 3, ""name"": ""o3"", ""units"": ""µg/m³"", ""displayName"": ""O₃ mass""}}, {""id"": 12235360, ""name"": ""pm10 µg/m³"", ""parameter"": {""id"": 1, ""name"": ""pm10"", ""units"": ""µg/m³"", ""displayName"": ""PM10""}}, {""id"": 1305377, ""name"": ""pm10 µg/m³"", ""parameter"": {""id"": 1, ""name"": ""pm10"", ""units"": ""µg/m³"", ""displayName"": ""PM10""}}, {""id"": 14635, ""name"": ""pm25 µg/m³"", ""parameter"": {""id"": 2, ""name"": ""pm25"", ""units"": ""µg/m³"", ""displayName"": ""PM2.5""}}, {""id"": 12235361, ""name"": ""pm25 µg/m³"", ""parameter"": {""id"": 2, ""name"": ""pm25"", ""units"": ""µg/m³"", ""displayName"": ""PM2.5""}}, {""id"": 12235362, ""name"": ""relativehumidity %"", ""parameter"": {""id"": 98, ""name"": ""relativehumidity"", ""units"": ""%"", ""displayName"": ""RH""}}, {""id"": 14642, ""name"": ""so2 µg/m³"", ""parameter"": {""id"": 6, ""name"": ""so2"", ""units"": ""µg/m³"", ""displayName"": ""SO₂ mass""}}, {""id"": 12235363, ""name"": ""so2 ppb"", ""parameter"": {""id"": 101, ""name"": ""so2"", ""units"": ""ppb"", ""displayName"": ""SO₂""}}, {""id"": 12235364, ""name"": ""temperature c"", ""parameter"": {""id"": 100, ""name"": ""temperature"", ""units"": ""c"", ""displayName"": ""Temperature (C)""}}, {""id"": 14341817, ""name"": ""wind_direction deg"", ""parameter"": {""id"": 22, ""name"": ""wind_direction"", ""units"": ""deg"", ""displayName"": ""Wind direction""}}, {""id"": 14341818, ""name"": ""wind_speed m/s"", ""parameter"": {""id"": 34, ""name"": ""wind_speed"", ""units"": ""m/s"", ""displayName"": ""Wind speed""}}]",True,True
KA003,"BWSSB Kadabesanahalli, Bengaluru - CPCB",Bengaluru,Karnataka,12.97194,77.59369,Active,5547,"BWSSB Kadabesanahalli, Bengaluru - CPCB","[{""id"": 14637, ""name"": ""co µg/m³"", ""parameter"": {""id"": 4, ""name"": ""co"", ""units"": ""µg/m³"", ""displayName"": ""CO mass""}}, {""id"": 14636, ""name"": ""no2 µg/m³"", ""parameter"": {""id"": 5, ""name"": ""no2"", ""units"": ""µg/m³"", ""displayName"": ""NO₂ mass""}}, {""id"": 14640, ""name"": ""o3 µg/m³"", ""parameter"": {""id"": 3, ""name"": ""o3"", ""units"": ""µg/m³"", ""displayName"": ""O₃ mass""}}, {""id"": 1303004, ""name"": ""pm10 µg/m³"", ""parameter"": {""id"": 1, ""name"": ""pm10"", ""units"": ""µg/m³"", ""displayName"": ""PM10""}}, {""id"": 14641, ""name"": ""pm25 µg/m³"", ""parameter"": {""id"": 2, ""name"": ""pm25"", ""units"": ""µg/m³"", ""displayName"": ""PM2.5""}}, {""id"": 14634, ""name"": ""so2 µg/m³"", ""parameter"": {""id"": 6, ""name"": ""so2"", ""units"": ""µg/m³"", ""displayName"": ""SO₂ mass""}}]",True,True
KA004,"Bapuji Nagar, Bengaluru - KSPCB",Bengaluru,Karnataka,12.97194,77.59369,Active,6974,"Bapuji Nagar, Bengaluru - KSPCB","[{""id"": 12235235, ""name"": ""co ppb"", ""parameter"": {""id"": 102, ""name"": ""co"", ""units"": ""ppb"", ""displayName"": ""CO""}}, {""id"": 20153, ""name"": ""co µg/m³"", ""parameter"": {""id"": 4, ""name"": ""co"", ""units"": ""µg/m³"", ""displayName"": ""CO mass""}}, {""id"": 12235236, ""name"": ""no ppb"", ""parameter"": {""id"": 24, ""name"": ""no"", ""units"": ""ppb"", ""displayName"": ""NO""}}, {""id"": 20169, ""name"": ""no2 µg/m³"", ""parameter"": {""id"": 5, ""name"": ""no2"", ""units"": ""µg/m³"", ""displayName"": ""NO₂ mass""}}, {""id"": 12235237, ""name"": ""no2 ppb"", ""parameter"": {""id"": 15, ""name"": ""no2"", ""units"": ""ppb"", ""displayName"": ""NO₂""}}, {""id"": 14340793, ""name"": ""nox ppb"", ""parameter"": {""id"": 23, ""name"": ""nox"", ""units"": ""ppb"", ""displayName"": ""NOX""}}, {""id"": 12235238, ""name"": ""o3 µg/m³"", ""parameter"": {""id"": 3, ""name"": ""o3"", ""units"": ""µg/m³"", ""displayName"": ""O₃ mass""}}, {""id"": 20167, ""name"": ""o3 µg/m³"", ""parameter"": {""id"": 3, ""name"": ""o3"", ""units"": ""µg/m³"", ""displayName"": ""O₃ mass""}}, {""id"": 12235239, ""name"": ""pm10 µg/m³"", ""parameter"": {""id"": 1, ""name"": ""pm10"", ""units"": ""µg/m³"", ""displayName"": ""PM10""}}, {""id"": 20166, ""name"": ""pm10 µg/m³"", ""parameter"": {""id"": 1, ""name"": ""pm10"", ""units"": ""µg/m³"", ""displayName"": ""PM10""}}, {""id"": 20165, ""name"": ""pm25 µg/m³"", ""parameter"": {""id"": 2, ""name"": ""pm25"", ""units"": ""µg/m³"", ""displayName"": ""PM2.5""}}, {""id"": 12235240, ""name"": ""pm25 µg/m³"", ""parameter"": {""id"": 2, ""name"": ""pm25"", ""units"": ""µg/m³"", ""displayName"": ""PM2.5""}}, {""id"": 12235241, ""name"": ""relativehumidity %"", ""parameter"": {""id"": 98, ""name"": ""relativehumidity"", ""units"": ""%"", ""displayName"": ""RH""}}, {""id"": 12235242, ""name"": ""so2 ppb"", ""parameter"": {""id"": 101, ""name"": ""so2"", ""units"": ""ppb"", ""displayName"": ""SO₂""}}, {""id"": 20164, ""name"": ""so2 µg/m³"", ""parameter"": {""id"": 6, ""name"": ""so2"", ""units"": ""µg/m³"", ""displayName"": ""SO₂ mass""}}, {""id"": 12235243, ""name"": ""temperature c"", ""parameter"": {""id"": 100, ""name"": ""temperature"", ""units"": ""c"", ""displayName"": ""Temperature (C)""}}, {""id"": 14340794, ""name"": ""wind_direction deg"", ""parameter"": {""id"": 22, ""name"": ""wind_direction"", ""units"": ""deg"", ""displayName"": ""Wind direction""}}, {""id"": 14340795, ""name"": ""wind_speed m/s"", ""parameter"": {""id"": 34, ""name"": ""wind_speed"", ""units"": ""m/s"", ""displayName"": ""Wind speed""}}]",True,True
KA005,"City Railway Station, Bengaluru - KSPCB",Bengaluru,Karnataka,12.97194,77.59369,Active,5574,"City Railway Station, Bengaluru - KSPCB","[{""id"": 14779, ""name"": ""co µg/m³"", ""parameter"": {""id"": 4, ""name"": ""co"", ""units"": ""µg/m³"", ""displayName"": ""CO mass""}}, {""id"": 12235374, ""name"": ""co ppb"", ""parameter"": {""id"": 102, ""name"": ""co"", ""units"": ""ppb"", ""displayName"": ""CO""}}, {""id"": 12235375, ""name"": ""no ppb"", ""parameter"": {""id"": 24, ""name"": ""no"", ""units"": ""ppb"", ""displayName"": ""NO""}}, {""id"": 14773, ""name"": ""no2 µg/m³"", ""parameter"": {""id"": 5, ""name"": ""no2"", ""units"": ""µg/m³"", ""displayName"": ""NO₂ mass""}}, {""id"": 12235376, ""name"": ""no2 ppb"", ""parameter"": {""id"": 15, ""name"": ""no2"", ""units"": ""ppb"", ""displayName"": ""NO₂""}}, {""id"": 14340832, ""name"": ""nox ppb"", ""parameter"": {""id"": 23, ""name"": ""nox"", ""units"": ""ppb"", ""displayName"": ""NOX""}}, {""id"": 14775, ""name"": ""pm10 µg/m³"", ""parameter"": {""id"": 1, ""name"": ""pm10"", ""units"": ""µg/m³"", ""displayName"": ""PM10""}}, {""id"": 12235377, ""name"": ""pm10 µg/m³"", ""parameter"": {""id"": 1, ""name"": ""pm10"", ""units"": ""µg/m³"", ""displayName"": ""PM10""}}, {""id"": 14732, ""name"": ""so2 µg/m³"", ""parameter"": {""id"": 6, ""name"": ""so2"", ""units"": ""µg/m³"", ""displayName"": ""SO₂ mass""}}, {""id"": 12235378, ""name"": ""so2 ppb"", ""parameter"": {""id"": 101, ""name"": ""so2"", ""units"": ""ppb"", ""displayName"": ""SO₂""}}]",True,True
KA006,"Hebbal, Bengaluru - KSPCB",Bengaluru,Karnataka,12.97194,77.59369,Active,6984,"Hebbal, Bengaluru - KSPCB","[{""id"": 12235244, ""name"": ""co ppb"", ""parameter"": {""id"": 102, ""name"": ""co"", ""units"": ""ppb"", ""displayName"": ""CO""}}, {""id"": 20224, ""name"": ""co µg/m³"", ""parameter"": {""id"": 4, ""name"": ""co"", ""units"": ""µg/m³"", ""displayName"": ""CO mass""}}, {""id"": 12235245, ""name"": ""no ppb"", ""parameter"": {""id"": 24, ""name"": ""no"", ""units"": ""ppb"", ""displayName"": ""NO""}}, {""id"": 20222, ""name"": ""no2 µg/m³"", ""parameter"": {""id"": 5, ""name"": ""no2"", ""units"": ""µg/m³"", ""displayName"": ""NO₂ mass""}}, {""id"": 12235246, ""name"": ""no2 ppb"", ""parameter"": {""id"": 15, ""name"": ""no2"", ""units"": ""ppb"", ""displayName"": ""NO₂""}}, {""id"": 14340796, ""name"": ""nox ppb"", ""parameter"": {""id"": 23, ""name"": ""nox"", ""units"": ""ppb"", ""displayName"": ""NOX""}}, {""id"": 12235247, ""name"": ""o3 µg/m³"", ""parameter"": {""id"": 3, ""name"": ""o3"", ""units"": ""µg/m³"", ""displayName"": ""O₃ mass""}}, {""id"": 20221, ""name"": ""o3 µg/m³"", ""parameter"": {""id"": 3, ""name"": ""o3"", ""units"": ""µg/m³"", ""displayName"": ""O₃ mass""}}, {""id"": 20213, ""name"": ""pm10 µg/m³"", ""parameter"": {""id"": 1, ""name"": ""pm10"", ""units"": ""µg/m³"", ""displayName"": ""PM10""}}, {""id"": 12235248, ""name"": ""pm10 µg/m³"", ""parameter"": {""id"": 1, ""name"": ""pm10"", ""units"": ""µg/m³"", ""displayName"": ""PM10""}}, {""id"": 12235249, ""name"": ""pm25 µg/m³"", ""parameter"": {""id"": 2, ""name"": ""pm25"", ""units"": ""µg/m³"", ""displayName"": ""PM2.5""}}, {""id"": 20212, ""name"": ""pm25 µg/m³"", ""parameter"": {""id"": 2, ""name"": ""pm25"", ""units"": ""µg/m³"", ""displayName"": ""PM2.5""}}, {""id"": 12235250, ""name"": ""relativehumidity %"", ""parameter"": {""id"": 98, ""name"": ""relativehumidity"", ""units"": ""%"", ""displayName"": ""RH""}}, {""id"": 20210, ""name"": ""so2 µg/m³"", ""parameter"": {""id"": 6, ""name"": ""so2"", ""units"": ""µg/m³"", ""displayName"": ""SO₂ mass""}}, {""id"": 12235251, ""name"": ""so2 ppb"", ""parameter"": {""id"": 101, ""name"": ""so2"", ""units"": ""ppb"", ""displayName"": ""SO₂""}}, {""id"": 12235252, ""name"": ""temperature c"", ""parameter"": {""id"": 100, ""name"": ""temperature"", ""units"": ""c"", ""displayName"": ""Temperature (C)""}}, {""id"": 14340797, ""name"": ""wind_direction deg"", ""parameter"": {""id"": 22, ""name"": ""wind_direction"", ""units"": ""deg"", ""displayName"": ""Wind direction""}}, {""id"": 14340798, ""name"": ""wind_speed m/s"", ""parameter"": {""id"": 34, ""name"": ""wind_speed"", ""units"": ""m/s"", ""displayName"": ""Wind speed""}}]",True,True
KA007,"Hombegowda Nagar, Bengaluru - KSPCB",Bengaluru,Karnataka,12.97194,77.59369,Active,6983,"Hombegowda Nagar, Bengaluru - KSPCB","[{""id"": 12235253, ""name"": ""co ppb"", ""parameter"": {""id"": 102, ""name"": ""co"", ""units"": ""ppb"", ""displayName"": ""CO""}}, {""id"": 20195, ""name"": ""co µg/m³"", ""parameter"": {""id"": 4, ""name"": ""co"", ""units"": ""µg/m³"", ""displayName"": ""CO mass""}}, {""id"": 12235254, ""name"": ""no ppb"", ""parameter"": {""id"": 24, ""name"": ""no"", ""units"": ""ppb"", ""displayName"": ""NO""}}, {""id"": 20196, ""name"": ""no2 µg/m³"", ""parameter"": {""id"": 5, ""name"": ""no2"", ""units"": ""µg/m³"", ""displayName"": ""NO₂ mass""}}, {""id"": 12235255, ""name"": ""no2 ppb"", ""parameter"": {""id"": 15, ""name"": ""no2"", ""units"": ""ppb"", ""displayName"": ""NO₂""}}, {""id"": 14340799, ""name"": ""nox ppb"", ""parameter"": {""id"": 23, ""name"": ""nox"", ""units"": ""ppb"", ""displayName"": ""NOX""}}, {""id"": 12235256, ""name"": ""o3 µg/m³"", ""parameter"": {""id"": 3, ""name"": ""o3"", ""units"": ""µg/m³"", ""displayName"": ""O₃ mass""}}, {""id"": 20197, ""name"": ""o3 µg/m³"", ""parameter"": {""id"": 3, ""name"": ""o3"", ""units"": ""µg/m³"", ""displayName"": ""O₃ mass""}}, {""id"": 12235257, ""name"": ""pm10 µg/m³"", ""parameter"": {""id"": 1, ""name"": ""pm10"", ""units"": ""µg/m³"", ""displayName"": ""PM10""}}, {""id"": 20198, ""name"": ""pm10 µg/m³"", ""parameter"": {""id"": 1, ""name"": ""pm10"", ""units"": ""µg/m³"", ""displayName"": ""PM10""}}, {""id"": 12235258, ""name"": ""pm25 µg/m³"", ""parameter"": {""id"": 2, ""name"": ""pm25"", ""units"": ""µg/m³"", ""displayName"": ""PM2.5""}}, {""id"": 20199, ""name"": ""pm25 µg/m³"", ""parameter"": {""id"": 2, ""name"": ""pm25"", ""units"": ""µg/m³"", ""displayName"": ""PM2.5""}}, {""id"": 12235259, ""name"": ""relativehumidity %"", ""parameter"": {""id"": 98, ""name"": ""relativehumidity"", ""units"": ""%"", ""displayName"": ""RH""}}, {""id"": 20200, ""name"": ""so2 µg/m³"", ""parameter"": {""id"": 6, ""name"": ""so2"", ""units"": ""µg/m³"", ""displayName"": ""SO₂ mass""}}, {""id"": 12235260, ""name"": ""so2 ppb"", ""parameter"": {""id"": 101, ""name"": ""so2"", ""units"": ""ppb"", ""displayName"": ""SO₂""}}, {""id"": 12235261, ""name"": ""temperature c"", ""parameter"": {""id"": 100, ""name"": ""temperature"", ""units"": ""c"", ""displayName"": ""Temperature (C)""}}, {""id"": 14340800, ""name"": ""wind_direction deg"", ""parameter"": {""id"": 22, ""name"": ""wind_direction"", ""units"": ""deg"", ""displayName"": ""Wind direction""}}, {""id"": 14340801, ""name"": ""wind_speed m/s"", ""parameter"": {""id"": 34, ""name"": ""wind_speed"", ""units"": ""m/s"", ""displayName"": ""Wind speed""}}]",True,True
KA008,"Jayanagar 5th Block, Bengaluru - KSPCB",Bengaluru,Karnataka,12.97194,77.59369,Active,6973,"Jayanagar 5th Block, Bengaluru - KSPCB","[{""id"": 20173, ""name"": ""co µg/m³"", ""parameter"": {""id"": 4, ""name"": ""co"", ""units"": ""µg/m³"", ""displayName"": ""CO mass""}}, {""id"": 12235262, ""name"": ""co ppb"", ""parameter"": {""id"": 102, ""name"": ""co"", ""units"": ""ppb"", ""displayName"": ""CO""}}, {""id"": 12235263, ""name"": ""no ppb"", ""parameter"": {""id"": 24, ""name"": ""no"", ""units"": ""ppb"", ""displayName"": ""NO""}}, {""id"": 12235264, ""name"": ""no2 ppb"", ""parameter"": {""id"": 15, ""name"": ""no2"", ""units"": ""ppb"", ""displayName"": ""NO₂""}}, {""id"": 20175, ""name"": ""no2 µg/m³"", ""parameter"": {""id"": 5, ""name"": ""no2"", ""units"": ""µg/m³"", ""displayName"": ""NO₂ mass""}}, {""id"": 14340802, ""name"": ""nox ppb"", ""parameter"": {""id"": 23, ""name"": ""nox"", ""units"": ""ppb"", ""displayName"": ""NOX""}}, {""id"": 12235265, ""name"": ""o3 µg/m³"", ""parameter"": {""id"": 3, ""name"": ""o3"", ""units"": ""µg/m³"", ""displayName"": ""O₃ mass""}}, {""id"": 20155, ""name"": ""o3 µg/m³"", ""parameter"": {""id"": 3, ""name"": ""o3"", ""units"": ""µg/m³"", ""displayName"": ""O₃ mass""}}, {""id"": 20172, ""name"": ""pm10 µg/m³"", ""parameter"": {""id"": 1, ""name"": ""pm10"", ""units"": ""µg/m³"", ""displayName"": ""PM10""}}, {""id"": 12235266, ""name"": ""pm10 µg/m³"", ""parameter"": {""id"": 1, ""name"": ""pm10"", ""units"": ""µg/m³"", ""displayName"": ""PM10""}}, {""id"": 20162, ""name"": ""pm25 µg/m³"", ""parameter"": {""id"": 2, ""name"": ""pm25"", ""units"": ""µg/m³"", ""displayName"": ""PM2.5""}}, {""id"": 12235267, ""name"": ""pm25 µg/m³"", ""parameter"": {""id"": 2, ""name"": ""pm25"", ""units"": ""µg/m³"", ""displayName"": ""PM2.5""}}, {""id"": 12235268, ""name"": ""relativehumidity %"", ""parameter"": {""id"": 98, ""name"": ""relativehumidity"", ""units"": ""%"", ""displayName"": ""RH""}}, {""id"": 20152, ""name"": ""so2 µg/m³"", ""parameter"": {""id"": 6, ""name"": ""so2"", ""units"": ""µg/m³"", ""displayName"": ""SO₂ mass""}}, {""id"": 12235269, ""name"": ""so2 ppb"", ""parameter"": {""id"": 101, ""name"": ""so2"", ""units"": ""ppb"", ""displayName"": ""SO₂""}}, {""id"": 12235270, ""name"": ""temperature c"", ""parameter"": {""id"": 100, ""name"": ""temperature"", ""units"": ""c"", ""displayName"": ""Temperature (C)""}}, {""id"": 14340803, ""name"": ""wind_direction deg"", ""parameter"": {""id"": 22, ""name"": ""wind_direction"", ""units"": ""deg"", ""displayName"": ""Wind direction""}}, {""id"": 14340804, ""name"": ""wind_speed m/s"", ""parameter"": {""id"": 34, ""name"": ""wind_speed"", ""units"": ""m/s"", ""displayName"": ""Wind speed""}}]",True,True
KA009,"Peenya, Bengaluru - CPCB",Bengaluru,Karnataka,12.97194,77.59369,Active,5607,"Peenya, Bengaluru - CPCB","[{""id"": 15270, ""name"": ""co µg/m³"", ""parameter"": {""id"": 4, ""name"": ""co"", ""units"": ""µg/m³"", ""displayName"": ""CO mass""}}, {""id"": 12235365, ""name"": ""co ppb"", ""parameter"": {""id"": 102, ""name"": ""co"", ""units"": ""ppb"", ""displayName"": ""CO""}}, {""id"": 12235366, ""name"": ""no ppb"", ""parameter"": {""id"": 24, ""name"": ""no"", ""units"": ""ppb"", ""displayName"": ""NO""}}, {""id"": 14850, ""name"": ""no2 µg/m³"", ""parameter"": {""id"": 5, ""name"": ""no2"", ""units"": ""µg/m³"", ""displayName"": ""NO₂ mass""}}, {""id"": 12235367, ""name"": ""no2 ppb"", ""parameter"": {""id"": 15, ""name"": ""no2"", ""units"": ""ppb"", ""displayName"": ""NO₂""}}, {""id"": 14340829, ""name"": ""nox ppb"", ""parameter"": {""id"": 23, ""name"": ""nox"", ""units"": ""ppb"", ""displayName"": ""NOX""}}, {""id"": 40537, ""name"": ""o3 µg/m³"", ""parameter"": {""id"": 3, ""name"": ""o3"", ""units"": ""µg/m³"", ""displayName"": ""O₃ mass""}}, {""id"": 12235368, ""name"": ""o3 µg/m³"", ""parameter"": {""id"": 3, ""name"": ""o3"", ""units"": ""µg/m³"", ""displayName"": ""O₃ mass""}}, {""id"": 12235369, ""name"": ""pm10 µg/m³"", ""parameter"": {""id"": 1, ""name"": ""pm10"", ""units"": ""µg/m³"", ""displayName"": ""PM10""}}, {""id"": 1303005, ""name"": ""pm10 µg/m³"", ""parameter"": {""id"": 1, ""name"": ""pm10"", ""units"": ""µg/m³"", ""displayName"": ""PM10""}}, {""id"": 14859, ""name"": ""pm25 µg/m³"", ""parameter"": {""id"": 2, ""name"": ""pm25"", ""units"": ""µg/m³"", ""displayName"": ""PM2.5""}}, {""id"": 12235370, ""name"": ""pm25 µg/m³"", ""parameter"": {""id"": 2, ""name"": ""pm25"", ""units"": ""µg/m³"", ""displayName"": ""PM2.5""}}, {""id"": 12235371, ""name"": ""relativehumidity %"", ""parameter"": {""id"": 98, ""name"": ""relativehumidity"", ""units"": ""%"", ""displayName"": ""RH""}}, {""id"": 12235372, ""name"": ""so2 ppb"", ""parameter"": {""id"": 101, ""name"": ""so2"", ""units"": ""ppb"", ""displayName"": ""SO₂""}}, {""id"": 14862, ""name"": ""so2 µg/m³"", ""parameter"": {""id"": 6, ""name"": ""so2"", ""units"": ""µg/m³"", ""displayName"": ""SO₂ mass""}}, {""id"": 12235373, ""name"": ""temperature c"", ""parameter"": {""id"": 100, ""name"": ""temperature"", ""units"": ""c"", ""displayName"": ""Temperature (C)""}}, {""id"": 14340830, ""name"": ""wind_direction deg"", ""parameter"": {""id"": 22, ""name"": ""wind_direction"", ""units"": ""deg"", ""displayName"": ""Wind direction""}}, {""id"": 14340831, ""name"": ""wind_speed m/s"", ""parameter"": {""id"": 34, ""name"": ""wind_speed"", ""units"": ""m/s"", ""displayName"": ""Wind speed""}}]",True,True
KA010,"Sanegurava Halli, Bengaluru - KSPCB",Bengaluru,Karnataka,12.97194,77.59369,Active,5644,"Sanegurava Halli, Bengaluru - KSPCB","[{""id"": 12235379, ""name"": ""co ppb"", ""parameter"": {""id"": 102, ""name"": ""co"", ""units"": ""ppb"", ""displayName"": ""CO""}}, {""id"": 15039, ""name"": ""co µg/m³"", ""parameter"": {""id"": 4, ""name"": ""co"", ""units"": ""µg/m³"", ""displayName"": ""CO mass""}}, {""id"": 12235380, ""name"": ""no ppb"", ""parameter"": {""id"": 24, ""name"": ""no"", ""units"": ""ppb"", ""displayName"": ""NO""}}, {""id"": 15035, ""name"": ""no2 µg/m³"", ""parameter"": {""id"": 5, ""name"": ""no2"", ""units"": ""µg/m³"", ""displayName"": ""NO₂ mass""}}, {""id"": 12235381, ""name"": ""no2 ppb"", ""parameter"": {""id"": 15, ""name"": ""no2"", ""units"": ""ppb"", ""displayName"": ""NO₂""}}, {""id"": 14341819, ""name"": ""nox ppb"", ""parameter"": {""id"": 23, ""name"": ""nox"", ""units"": ""ppb"", ""displayName"": ""NOX""}}, {""id"": 15033, ""name"": ""pm10 µg/m³"", ""parameter"": {""id"": 1, ""name"": ""pm10"", ""units"": ""µg/m³"", ""displayName"": ""PM10""}}, {""id"": 12235382, ""name"": ""pm10 µg/m³"", ""parameter"": {""id"": 1, ""name"": ""pm10"", ""units"": ""µg/m³"", ""displayName"": ""PM10""}}, {""id"": 12235383, ""name"": ""relativehumidity %"", ""parameter"": {""id"": 98, ""name"": ""relativehumidity"", ""units"": ""%"", ""displayName"": ""RH""}}, {""id"": 12235384, ""name"": ""so2 ppb"", ""parameter"": {""id"": 101, ""name"": ""so2"", ""units"": ""ppb"", ""displayName"": ""SO₂""}}, {""id"": 15032, ""name"": ""so2 µg/m³"", ""parameter"": {""id"": 6, ""name"": ""so2"", ""units"": ""µg/m³"", ""displayName"": ""SO₂ mass""}}, {""id"": 12235385, ""name"": ""temperature c"", ""parameter"": {""id"": 100, ""name"": ""temperature"", ""units"": ""c"", ""displayName"": ""Temperature (C)""}}, {""id"": 14341820, ""name"": ""wind_direction deg"", ""parameter"": {""id"": 22, ""name"": ""wind_direction"", ""units"": ""deg"", ""displayName"": ""Wind direction""}}, {""id"": 14341821, ""name"": ""wind_speed m/s"", ""parameter"": {""id"": 34, ""name"": ""wind_speed"", ""units"": ""m/s"", ""displayName"": ""Wind speed""}}]",True,True
KA011,"Silk Board, Bengaluru - KSPCB",Bengaluru,Karnataka,12.97194,77.59369,Active,6975,"Silk Board, Bengaluru - KSPCB","[{""id"": 12235280, ""name"": ""co ppb"", ""parameter"": {""id"": 102, ""name"": ""co"", ""units"": ""ppb"", ""displayName"": ""CO""}}, {""id"": 20171, ""name"": ""co µg/m³"", ""parameter"": {""id"": 4, ""name"": ""co"", ""units"": ""µg/m³"", ""displayName"": ""CO mass""}}, {""id"": 12235281, ""name"": ""no ppb"", ""parameter"": {""id"": 24, ""name"": ""no"", ""units"": ""ppb"", ""displayName"": ""NO""}}, {""id"": 20154, ""name"": ""no2 µg/m³"", ""parameter"": {""id"": 5, ""name"": ""no2"", ""units"": ""µg/m³"", ""displayName"": ""NO₂ mass""}}, {""id"": 12235282, ""name"": ""no2 ppb"", ""parameter"": {""id"": 15, ""name"": ""no2"", ""units"": ""ppb"", ""displayName"": ""NO₂""}}, {""id"": 14340805, ""name"": ""nox ppb"", ""parameter"": {""id"": 23, ""name"": ""nox"", ""units"": ""ppb"", ""displayName"": ""NOX""}}, {""id"": 20168, ""name"": ""o3 µg/m³"", ""parameter"": {""id"": 3, ""name"": ""o3"", ""units"": ""µg/m³"", ""displayName"": ""O₃ mass""}}, {""id"": 12235283, ""name"": ""o3 µg/m³"", ""parameter"": {""id"": 3, ""name"": ""o3"", ""units"": ""µg/m³"", ""displayName"": ""O₃ mass""}}, {""id"": 12235284, ""name"": ""pm10 µg/m³"", ""parameter"": {""id"": 1, ""name"": ""pm10"", ""units"": ""µg/m³"", ""displayName"": ""PM10""}}, {""id"": 20161, ""name"": ""pm10 µg/m³"", ""parameter"": {""id"": 1, ""name"": ""pm10"", ""units"": ""µg/m³"", ""displayName"": ""PM10""}}, {""id"": 20156, ""name"": ""pm25 µg/m³"", ""parameter"": {""id"": 2, ""name"": ""pm25"", ""units"": ""µg/m³"", ""displayName"": ""PM2.5""}}, {""id"": 12235285, ""name"": ""pm25 µg/m³"", ""parameter"": {""id"": 2, ""name"": ""pm25"", ""units"": ""µg/m³"", ""displayName"": ""PM2.5""}}, {""id"": 12235286, ""name"": ""relativehumidity %"", ""parameter"": {""id"": 98, ""name"": ""relativehumidity"", ""units"": ""%"", ""displayName"": ""RH""}}, {""id"": 12235287, ""name"": ""so2 ppb"", ""parameter"": {""id"": 101, ""name"": ""so2"", ""units"": ""ppb"", ""displayName"": ""SO₂""}}, {""id"": 20176, ""name"": ""so2 µg/m³"", ""parameter"": {""id"": 6, ""name"": ""so2"", ""units"": ""µg/m³"", ""displayName"": ""SO₂ mass""}}, {""id"": 12235288, ""name"": ""temperature c"", ""parameter"": {""id"": 100, ""name"": ""temperature"", ""units"": ""c"", ""displayName"": ""Temperature (C)""}}, {""id"": 14340806, ""name"": ""wind_direction deg"", ""parameter"": {""id"": 22, ""name"": ""wind_direction"", ""units"": ""deg"", ""displayName"": ""Wind direction""}}, {""id"": 14340807, ""name"": ""wind_speed m/s"", ""parameter"": {""id"": 34, ""name"": ""wind_speed"", ""units"": ""m/s"", ""displayName"": ""Wind speed""}}]",True,True
MP001,"T T Nagar, Bhopal - MPPCB",Bhopal,Madhya Pradesh,23.25469,77.40289,Active,10913,"T T Nagar, Bhopal - MPPCB","[{""id"": 36612, ""name"": ""co µg/m³"", ""parameter"": {""id"": 4, ""name"": ""co"", ""units"": ""µg/m³"", ""displayName"": ""CO mass""}}, {""id"": 12236016, ""name"": ""co ppb"", ""parameter"": {""id"": 102, ""name"": ""co"", ""units"": ""ppb"", ""displayName"": ""CO""}}, {""id"": 12236017, ""name"": ""no ppb"", ""parameter"": {""id"": 24, ""name"": ""no"", ""units"": ""ppb"", ""displayName"": ""NO""}}, {""id"": 36613, ""name"": ""no2 µg/m³"", ""parameter"": {""id"": 5, ""name"": ""no2"", ""units"": ""µg/m³"", ""displayName"": ""NO₂ mass""}}, {""id"": 12236018, ""name"": ""no2 ppb"", ""parameter"": {""id"": 15, ""name"": ""no2"", ""units"": ""ppb"", ""displayName"": ""NO₂""}}, {""id"": 14340959, ""name"": ""nox ppb"", ""parameter"": {""id"": 23, ""name"": ""nox"", ""units"": ""ppb"", ""displayName"": ""NOX""}}, {""id"": 12236019, ""name"": ""o3 µg/m³"", ""parameter"": {""id"": 3, ""name"": ""o3"", ""units"": ""µg/m³"", ""displayName"": ""O₃ mass""}}, {""id"": 36614, ""name"": ""o3 µg/m³"", ""parameter"": {""id"": 3, ""name"": ""o3"", ""units"": ""µg/m³"", ""displayName"": ""O₃ mass""}}, {""id"": 12236020, ""name"": ""pm10 µg/m³"", ""parameter"": {""id"": 1, ""name"": ""pm10"", ""units"": ""µg/m³"", ""displayName"": ""PM10""}}, {""id"": 36615, ""name"": ""pm10 µg/m³"", ""parameter"": {""id"": 1, ""name"": ""pm10"", ""units"": ""µg/m³"", ""displayName"": ""PM10""}}, {""id"": 36616, ""name"": ""pm25 µg/m³"", ""parameter"": {""id"": 2, ""name"": ""pm25"", ""units"": ""µg/m³"", ""displayName"": ""PM2.5""}}, {""id"": 12236021, ""name"": ""pm25 µg/m³"", ""parameter"": {""id"": 2, ""name"": ""pm25"", ""units"": ""µg/m³"", ""displayName"": ""PM2.5""}}, {""id"": 12236022, ""name"": ""relativehumidity %"", ""parameter"": {""id"": 98, ""name"": ""relativehumidity"", ""units"": ""%"", ""displayName"": ""RH""}}, {""id"": 36617, ""name"": ""so2 µg/m³"", ""parameter"": {""id"": 6, ""name"": ""so2"", ""units"": ""µg/m³"", ""displayName"": ""SO₂ mass""}}, {""id"": 12236023, ""name"": ""so2 ppb"", ""parameter"": {""id"": 101, ""name"": ""so2"", ""units"": ""ppb"", ""displayName"": ""SO₂""}}, {""id"": 12236024, ""name"": ""temperature c"", ""parameter"": {""id"": 100, ""name"": ""temperature"", ""units"": ""c"", ""displayName"": ""Temperature (C)""}}, {""id"": 14340960, ""name"": ""wind_direction deg"", ""parameter"": {""id"": 22, ""name"": ""wind_direction"", ""units"": ""deg"", ""displayName"": ""Wind direction""}}, {""id"": 14340961, ""name"": ""wind_speed m/s"", ""parameter"": {""id"": 34, ""name"": ""wind_speed"", ""units"": ""m/s"", ""displayName"": ""Wind speed""}}]",True,True
CH001,"Sector-25, Chandigarh - CPCC",Chandigarh,Chandigarh,30.73629,76.7884,Active,10914,"Sector-25, Chandigarh - CPCC","[{""id"": 12235971, ""name"": ""co ppb"", ""parameter"": {""id"": 102, ""name"": ""co"", ""units"": ""ppb"", ""displayName"": ""CO""}}, {""id"": 12235972, ""name"": ""no ppb"", ""parameter"": {""id"": 24, ""name"": ""no"", ""units"": ""ppb"", ""displayName"": ""NO""}}, {""id"": 12235973, ""name"": ""no2 ppb"", ""parameter"": {""id"": 15, ""name"": ""no2"", ""units"": ""ppb"", ""displayName"": ""NO₂""}}, {""id"": 14340950, ""name"": ""nox ppb"", ""parameter"": {""id"": 23, ""name"": ""nox"", ""units"": ""ppb"", ""displayName"": ""NOX""}}, {""id"": 12235974, ""name"": ""o3 µg/m³"", ""parameter"": {""id"": 3, ""name"": ""o3"", ""units"": ""µg/m³"", ""displayName"": ""O₃ mass""}}, {""id"": 12235975, ""name"": ""pm10 µg/m³"", ""parameter"": {""id"": 1, ""name"": ""pm10"", ""units"": ""µg/m³"", ""displayName"": ""PM10""}}, {""id"": 12235976, ""name"": ""pm25 µg/m³"", ""parameter"": {""id"": 2, ""name"": ""pm25"", ""units"": ""µg/m³"", ""displayName"": ""PM2.5""}}, {""id"": 12235977, ""name"": ""relativehumidity %"", ""parameter"": {""id"": 98, ""name"": ""relativehumidity"", ""units"": ""%"", ""displayName"": ""RH""}}, {""id"": 12235978, ""name"": ""so2 ppb"", ""parameter"": {""id"": 101, ""name"": ""so2"", ""units"": ""ppb"", ""displayName"": ""SO₂""}}, {""id"": 12235979, ""name"": ""temperature c"", ""parameter"": {""id"": 100, ""name"": ""temperature"", ""units"": ""c"", ""displayName"": ""Temperature (C)""}}, {""id"": 14340951, ""name"": ""wind_direction deg"", ""parameter"": {""id"": 22, ""name"": ""wind_direction"", ""units"": ""deg"", ""displayName"": ""Wind direction""}}, {""id"": 14340952, ""name"": ""wind_speed m/s"", ""parameter"": {""id"": 34, ""name"": ""wind_speed"", ""units"": ""m/s"", ""displayName"": ""Wind speed""}}]",True,True
TN001,"Alandur Bus Depot, Chennai - CPCB",Chennai,Tamil Nadu,13.08784,80.27847,Active,5558,"Alandur Bus Depot, Chennai - CPCB","[{""id"": 14690, ""name"": ""co µg/m³"", ""parameter"": {""id"": 4, ""name"": ""co"", ""units"": ""µg/m³"", ""displayName"": ""CO mass""}}, {""id"": 14681, ""name"": ""no2 µg/m³"", ""parameter"": {""id"": 5, ""name"": ""no2"", ""units"": ""µg/m³"", ""displayName"": ""NO₂ mass""}}, {""id"": 14689, ""name"": ""o3 µg/m³"", ""parameter"": {""id"": 3, ""name"": ""o3"", ""units"": ""µg/m³"", ""displayName"": ""O₃ mass""}}, {""id"": 1305373, ""name"": ""pm10 µg/m³"", ""parameter"": {""id"": 1, ""name"": ""pm10"", ""units"": ""µg/m³"", ""displayName"": ""PM10""}}, {""id"": 14680, ""name"": ""pm25 µg/m³"", ""parameter"": {""id"": 2, ""name"": ""pm25"", ""units"": ""µg/m³"", ""displayName"": ""PM2.5""}}, {""id"": 14682, ""name"": ""so2 µg/m³"", ""parameter"": {""id"": 6, ""name"": ""so2"", ""units"": ""µg/m³"", ""displayName"": ""SO₂ mass""}}]",True,True
TN002,"Manali Village, Chennai - TNPCB",Chennai,Tamil Nadu,13.08784,80.27847,Active,6920,"Manali Village, Chennai - TNPCB","[{""id"": 19869, ""name"": ""co µg/m³"", ""parameter"": {""id"": 4, ""name"": ""co"", ""units"": ""µg/m³"", ""displayName"": ""CO mass""}}, {""id"": 19868, ""name"": ""no2 µg/m³"", ""parameter"": {""id"": 5, ""name"": ""no2"", ""units"": ""µg/m³"", ""displayName"": ""NO₂ mass""}}, {""id"": 19867, ""name"": ""o3 µg/m³"", ""parameter"": {""id"": 3, ""name"": ""o3"", ""units"": ""µg/m³"", ""displayName"": ""O₃ mass""}}, {""id"": 19871, ""name"": ""pm10 µg/m³"", ""parameter"": {""id"": 1, ""name"": ""pm10"", ""units"": ""µg/m³"", ""displayName"": ""PM10""}}, {""id"": 19870, ""name"": ""pm25 µg/m³"", ""parameter"": {""id"": 2, ""name"": ""pm25"", ""units"": ""µg/m³"", ""displayName"": ""PM2.5""}}, {""id"": 19872, ""name"": ""so2 µg/m³"", ""parameter"": {""id"": 6, ""name"": ""so2"", ""units"": ""µg/m³"", ""displayName"": ""SO₂ mass""}}]",True,True
TN003,"Manali, Chennai - CPCB",Chennai,Tamil Nadu,13.08784,80.27847,Active,2586,"Manali, Chennai - CPCB","[{""id"": 5339, ""name"": ""co µg/m³"", ""parameter"": {""id"": 4, ""name"": ""co"", ""units"": ""µg/m³"", ""displayName"": ""CO mass""}}, {""id"": 12235648, ""name"": ""co ppb"", ""parameter"": {""id"": 102, ""name"": ""co"", ""units"": ""ppb"", ""displayName"": ""CO""}}, {""id"": 12235649, ""name"": ""no ppb"", ""parameter"": {""id"": 24, ""name"": ""no"", ""units"": ""ppb"", ""displayName"": ""NO""}}, {""id"": 5340, ""name"": ""no2 µg/m³"", ""parameter"": {""id"": 5, ""name"": ""no2"", ""units"": ""µg/m³"", ""displayName"": ""NO₂ mass""}}, {""id"": 12235650, ""name"": ""no2 ppb"", ""parameter"": {""id"": 15, ""name"": ""no2"", ""units"": ""ppb"", ""displayName"": ""NO₂""}}, {""id"": 14340870, ""name"": ""nox ppb"", ""parameter"": {""id"": 23, ""name"": ""nox"", ""units"": ""ppb"", ""displayName"": ""NOX""}}, {""id"": 12235651, ""name"": ""o3 µg/m³"", ""parameter"": {""id"": 3, ""name"": ""o3"", ""units"": ""µg/m³"", ""displayName"": ""O₃ mass""}}, {""id"": 1305375, ""name"": ""o3 µg/m³"", ""parameter"": {""id"": 3, ""name"": ""o3"", ""units"": ""µg/m³"", ""displayName"": ""O₃ mass""}}, {""id"": 12235652, ""name"": ""pm10 µg/m³"", ""parameter"": {""id"": 1, ""name"": ""pm10"", ""units"": ""µg/m³"", ""displayName"": ""PM10""}}, {""id"": 1305374, ""name"": ""pm10 µg/m³"", ""parameter"": {""id"": 1, ""name"": ""pm10"", ""units"": ""µg/m³"", ""displayName"": ""PM10""}}, {""id"": 12235653, ""name"": ""pm25 µg/m³"", ""parameter"": {""id"": 2, ""name"": ""pm25"", ""units"": ""µg/m³"", ""displayName"": ""PM2.5""}}, {""id"": 14319, ""name"": ""pm25 µg/m³"", ""parameter"": {""id"": 2, ""name"": ""pm25"", ""units"": ""µg/m³"", ""displayName"": ""PM2.5""}}, {""id"": 12235654, ""name"": ""relativehumidity %"", ""parameter"": {""id"": 98, ""name"": ""relativehumidity"", ""units"": ""%"", ""displayName"": ""RH""}}, {""id"": 14311, ""name"": ""so2 µg/m³"", ""parameter"": {""id"": 6, ""name"": ""so2"", ""units"": ""µg/m³"", ""displayName"": ""SO₂ mass""}}, {""id"": 12235655, ""name"": ""so2 ppb"", ""parameter"": {""id"": 101, ""name"": ""so2"", ""units"": ""ppb"", ""displayName"": ""SO₂""}}, {""id"": 12235656, ""name"": ""temperature c"", ""parameter"": {""id"": 100, ""name"": ""temperature"", ""units"": ""c"", ""displayName"": ""Temperature (C)""}}, {""id"": 14340871, ""name"": ""wind_direction deg"", ""parameter"": {""id"": 22, ""name"": ""wind_direction"", ""units"": ""deg"", ""displayName"": ""Wind direction""}}, {""id"": 14340872, ""name"": ""wind_speed m/s"", ""parameter"": {""id"": 34, ""name"": ""wind_speed"", ""units"": ""m/s"", ""displayName"": ""Wind speed""}}]",True,True
TN004,"Velachery Res. Area, Chennai - CPCB",Chennai,Tamil Nadu,13.08784,80.27847,Active,5655,"Velachery Res. Area, Chennai - CPCB","[{""id"": 15110, ""name"": ""co µg/m³"", ""parameter"": {""id"": 4, ""name"": ""co"", ""units"": ""µg/m³"", ""displayName"": ""CO mass""}}, {""id"": 12235526, ""name"": ""co ppb"", ""parameter"": {""id"": 102, ""name"": ""co"", ""units"": ""ppb"", ""displayName"": ""CO""}}, {""id"": 12235527, ""name"": ""no ppb"", ""parameter"": {""id"": 24, ""name"": ""no"", ""units"": ""ppb"", ""displayName"": ""NO""}}, {""id"": 12235528, ""name"": ""no2 ppb"", ""parameter"": {""id"": 15, ""name"": ""no2"", ""units"": ""ppb"", ""displayName"": ""NO₂""}}, {""id"": 15117, ""name"": ""no2 µg/m³"", ""parameter"": {""id"": 5, ""name"": ""no2"", ""units"": ""µg/m³"", ""displayName"": ""NO₂ mass""}}, {""id"": 14340852, ""name"": ""nox ppb"", ""parameter"": {""id"": 23, ""name"": ""nox"", ""units"": ""ppb"", ""displayName"": ""NOX""}}, {""id"": 12235529, ""name"": ""o3 µg/m³"", ""parameter"": {""id"": 3, ""name"": ""o3"", ""units"": ""µg/m³"", ""displayName"": ""O₃ mass""}}, {""id"": 15132, ""name"": ""o3 µg/m³"", ""parameter"": {""id"": 3, ""name"": ""o3"", ""units"": ""µg/m³"", ""displayName"": ""O₃ mass""}}, {""id"": 12235530, ""name"": ""pm10 µg/m³"", ""parameter"": {""id"": 1, ""name"": ""pm10"", ""units"": ""µg/m³"", ""displayName"": ""PM10""}}, {""id"": 1305376, ""name"": ""pm10 µg/m³"", ""parameter"": {""id"": 1, ""name"": ""pm10"", ""units"": ""µg/m³"", ""displayName"": ""PM10""}}, {""id"": 12235531, ""name"": ""pm25 µg/m³"", ""parameter"": {""id"": 2, ""name"": ""pm25"", ""units"": ""µg/m³"", ""displayName"": ""PM2.5""}}, {""id"": 15136, ""name"": ""pm25 µg/m³"", ""parameter"": {""id"": 2, ""name"": ""pm25"", ""units"": ""µg/m³"", ""displayName"": ""PM2.5""}}, {""id"": 12235532, ""name"": ""relativehumidity %"", ""parameter"": {""id"": 98, ""name"": ""relativehumidity"", ""units"": ""%"", ""displayName"": ""RH""}}, {""id"": 12235533, ""name"": ""so2 ppb"", ""parameter"": {""id"": 101, ""name"": ""so2"", ""units"": ""ppb"", ""displayName"": ""SO₂""}}, {""id"": 15138, ""name"": ""so2 µg/m³"", ""parameter"": {""id"": 6, ""name"": ""so2"", ""units"": ""µg/m³"", ""displayName"": ""SO₂ mass""}}, {""id"": 12235534, ""name"": ""temperature c"", ""parameter"": {""id"": 100, ""name"": ""temperature"", ""units"": ""c"", ""displayName"": ""Temperature (C)""}}, {""id"": 14340853, ""name"": ""wind_direction deg"", ""parameter"": {""id"": 22, ""name"": ""wind_direction"", ""units"": ""deg"", ""displayName"": ""Wind direction""}}, {""id"": 14340854, ""name"": ""wind_speed m/s"", ""parameter"": {""id"": 34, ""name"": ""wind_speed"", ""units"": ""m/s"", ""displayName"": ""Wind speed""}}]",True,True
TN005,"SIDCO Kurichi, Coimbatore - TNPCB",Coimbatore,Tamil Nadu,11.00555,76.96612,Active,8914,"SIDCO Kurichi, Coimbatore - TNPCB","[{""id"": 12235800, ""name"": ""co ppb"", ""parameter"": {""id"": 102, ""name"": ""co"", ""units"": ""ppb"", ""displayName"": ""CO""}}, {""id"": 12235801, ""name"": ""no ppb"", ""parameter"": {""id"": 24, ""name"": ""no"", ""units"": ""ppb"", ""displayName"": ""NO""}}, {""id"": 12235802, ""name"": ""no2 ppb"", ""parameter"": {""id"": 15, ""name"": ""no2"", ""units"": ""ppb"", ""displayName"": ""NO₂""}}, {""id"": 14340916, ""name"": ""nox ppb"", ""parameter"": {""id"": 23, ""name"": ""nox"", ""units"": ""ppb"", ""displayName"": ""NOX""}}, {""id"": 12235803, ""name"": ""o3 µg/m³"", ""parameter"": {""id"": 3, ""name"": ""o3"", ""units"": ""µg/m³"", ""displayName"": ""O₃ mass""}}, {""id"": 12235804, ""name"": ""pm10 µg/m³"", ""parameter"": {""id"": 1, ""name"": ""pm10"", ""units"": ""µg/m³"", ""displayName"": ""PM10""}}, {""id"": 12235805, ""name"": ""pm25 µg/m³"", ""parameter"": {""id"": 2, ""name"": ""pm25"", ""units"": ""µg/m³"", ""displayName"": ""PM2.5""}}, {""id"": 12235806, ""name"": ""relativehumidity %"", ""parameter"": {""id"": 98, ""name"": ""relativehumidity"", ""units"": ""%"", ""displayName"": ""RH""}}, {""id"": 12235807, ""name"": ""so2 ppb"", ""parameter"": {""id"": 101, ""name"": ""so2"", ""units"": ""ppb"", ""displayName"": ""SO₂""}}, {""id"": 12235808, ""name"": ""temperature c"", ""parameter"": {""id"": 100, ""name"": ""temperature"", ""units"": ""c"", ""displayName"": ""Temperature (C)""}}, {""id"": 14340917, ""name"": ""wind_direction deg"", ""parameter"": {""id"": 22, ""name"": ""wind_direction"", ""units"": ""deg"", ""displayName"": ""Wind direction""}}, {""id"": 14340918, ""name"": ""wind_speed m/s"", ""parameter"": {""id"": 34, ""name"": ""wind_speed"", ""units"": ""m/s"", ""displayName"": ""Wind speed""}}]",True,True
DL001,"Alipur, Delhi - DPCC",Delhi,Delhi,28.65195,77.23149,Active,6932,"Alipur, Delhi - DPCC","[{""id"": 19939, ""name"": ""co µg/m³"", ""parameter"": {""id"": 4, ""name"": ""co"", ""units"": ""µg/m³"", ""displayName"": ""CO mass""}}, {""id"": 12235693, ""name"": ""co ppb"", ""parameter"": {""id"": 102, ""name"": ""co"", ""units"": ""ppb"", ""displayName"": ""CO""}}, {""id"": 12235694, ""name"": ""no ppb"", ""parameter"": {""id"": 24, ""name"": ""no"", ""units"": ""ppb"", ""displayName"": ""NO""}}, {""id"": 19948, ""name"": ""no2 µg/m³"", ""parameter"": {""id"": 5, ""name"": ""no2"", ""units"": ""µg/m³"", ""displayName"": ""NO₂ mass""}}, {""id"": 12235695, ""name"": ""no2 ppb"", ""parameter"": {""id"": 15, ""name"": ""no2"", ""units"": ""ppb"", ""displayName"": ""NO₂""}}, {""id"": 14340882, ""name"": ""nox ppb"", ""parameter"": {""id"": 23, ""name"": ""nox"", ""units"": ""ppb"", ""displayName"": ""NOX""}}, {""id"": 19950, ""name"": ""o3 µg/m³"", ""parameter"": {""id"": 3, ""name"": ""o3"", ""units"": ""µg/m³"", ""displayName"": ""O₃ mass""}}, {""id"": 12235696, ""name"": ""o3 µg/m³"", ""parameter"": {""id"": 3, ""name"": ""o3"", ""units"": ""µg/m³"", ""displayName"": ""O₃ mass""}}, {""id"": 19936, ""name"": ""pm10 µg/m³"", ""parameter"": {""id"": 1, ""name"": ""pm10"", ""units"": ""µg/m³"", ""displayName"": ""PM10""}}, {""id"": 12235697, ""name"": ""pm10 µg/m³"", ""parameter"": {""id"": 1, ""name"": ""pm10"", ""units"": ""µg/m³"", ""displayName"": ""PM10""}}, {""id"": 12235698, ""name"": ""pm25 µg/m³"", ""parameter"": {""id"": 2, ""name"": ""pm25"", ""units"": ""µg/m³"", ""displayName"": ""PM2.5""}}, {""id"": 19935, ""name"": ""pm25 µg/m³"", ""parameter"": {""id"": 2, ""name"": ""pm25"", ""units"": ""µg/m³"", ""displayName"": ""PM2.5""}}, {""id"": 12235699, ""name"": ""relativehumidity %"", ""parameter"": {""id"": 98, ""name"": ""relativehumidity"", ""units"": ""%"", ""displayName"": ""RH""}}, {""id"": 19912, ""name"": ""so2 µg/m³"", ""parameter"": {""id"": 6, ""name"": ""so2"", ""units"": ""µg/m³"", ""displayName"": ""SO₂ mass""}}, {""id"": 12235700, ""name"": ""so2 ppb"", ""parameter"": {""id"": 101, ""name"": ""so2"", ""units"": ""ppb"", ""displayName"": ""SO₂""}}, {""id"": 12235701, ""name"": ""temperature c"", ""parameter"": {""id"": 100, ""name"": ""temperature"", ""units"": ""c"", ""displayName"": ""Temperature (C)""}}, {""id"": 14340883, ""name"": ""wind_direction deg"", ""parameter"": {""id"": 22, ""name"": ""wind_direction"", ""units"": ""deg"", ""displayName"": ""Wind direction""}}, {""id"": 14340884, ""name"": ""wind_speed m/s"", ""parameter"": {""id"": 34, ""name"": ""wind_speed"", ""units"": ""m/s"", ""displayName"": ""Wind speed""}}]",True,True
DL002,"Anand Vihar, Delhi - DPCC",Delhi,Delhi,28.65195,77.23149,Active,5509,"Anand Vihar, Delhi - DPCC","[{""id"": 14519, ""name"": ""co µg/m³"", ""parameter"": {""id"": 4, ""name"": ""co"", ""units"": ""µg/m³"", ""displayName"": ""CO mass""}}, {""id"": 14523, ""name"": ""no2 µg/m³"", ""parameter"": {""id"": 5, ""name"": ""no2"", ""units"": ""µg/m³"", ""displayName"": ""NO₂ mass""}}, {""id"": 14524, ""name"": ""o3 µg/m³"", ""parameter"": {""id"": 3, ""name"": ""o3"", ""units"": ""µg/m³"", ""displayName"": ""O₃ mass""}}, {""id"": 14522, ""name"": ""pm10 µg/m³"", ""parameter"": {""id"": 1, ""name"": ""pm10"", ""units"": ""µg/m³"", ""displayName"": ""PM10""}}, {""id"": 14521, ""name"": ""pm25 µg/m³"", ""parameter"": {""id"": 2, ""name"": ""pm25"", ""units"": ""µg/m³"", ""displayName"": ""PM2.5""}}, {""id"": 14520, ""name"": ""so2 µg/m³"", ""parameter"": {""id"": 6, ""name"": ""so2"", ""units"": ""µg/m³"", ""displayName"": ""SO₂ mass""}}]",True,True
DL003,"Ashok Vihar, Delhi - DPCC",Delhi,Delhi,28.65195,77.23149,Active,5762,"Ashok Vihar, Delhi - DPCC","[{""id"": 15583, ""name"": ""co µg/m³"", ""parameter"": {""id"": 4, ""name"": ""co"", ""units"": ""µg/m³"", ""displayName"": ""CO mass""}}, {""id"": 15584, ""name"": ""no2 µg/m³"", ""parameter"": {""id"": 5, ""name"": ""no2"", ""units"": ""µg/m³"", ""displayName"": ""NO₂ mass""}}, {""id"": 15573, ""name"": ""o3 µg/m³"", ""parameter"": {""id"": 3, ""name"": ""o3"", ""units"": ""µg/m³"", ""displayName"": ""O₃ mass""}}, {""id"": 15605, ""name"": ""pm10 µg/m³"", ""parameter"": {""id"": 1, ""name"": ""pm10"", ""units"": ""µg/m³"", ""displayName"": ""PM10""}}, {""id"": 15602, ""name"": ""pm25 µg/m³"", ""parameter"": {""id"": 2, ""name"": ""pm25"", ""units"": ""µg/m³"", ""displayName"": ""PM2.5""}}, {""id"": 15579, ""name"": ""so2 µg/m³"", ""parameter"": {""id"": 6, ""name"": ""so2"", ""units"": ""µg/m³"", ""displayName"": ""SO₂ mass""}}]",True,True
DL005,"Bawana, Delhi - DPCC",Delhi,Delhi,28.65195,77.23149,Active,8472,"Bawana, Delhi - DPCC","[{""id"": 36395, ""name"": ""co µg/m³"", ""parameter"": {""id"": 4, ""name"": ""co"", ""units"": ""µg/m³"", ""displayName"": ""CO mass""}}, {""id"": 12235289, ""name"": ""co ppb"", ""parameter"": {""id"": 102, ""name"": ""co"", ""units"": ""ppb"", ""displayName"": ""CO""}}, {""id"": 12235290, ""name"": ""no ppb"", ""parameter"": {""id"": 24, ""name"": ""no"", ""units"": ""ppb"", ""displayName"": ""NO""}}, {""id"": 12235291, ""name"": ""no2 ppb"", ""parameter"": {""id"": 15, ""name"": ""no2"", ""units"": ""ppb"", ""displayName"": ""NO₂""}}, {""id"": 36394, ""name"": ""no2 µg/m³"", ""parameter"": {""id"": 5, ""name"": ""no2"", ""units"": ""µg/m³"", ""displayName"": ""NO₂ mass""}}, {""id"": 14340808, ""name"": ""nox ppb"", ""parameter"": {""id"": 23, ""name"": ""nox"", ""units"": ""ppb"", ""displayName"": ""NOX""}}, {""id"": 36393, ""name"": ""o3 µg/m³"", ""parameter"": {""id"": 3, ""name"": ""o3"", ""units"": ""µg/m³"", ""displayName"": ""O₃ mass""}}, {""id"": 12235292, ""name"": ""o3 µg/m³"", ""parameter"": {""id"": 3, ""name"": ""o3"", ""units"": ""µg/m³"", ""displayName"": ""O₃ mass""}}, {""id"": 24602, ""name"": ""pm10 µg/m³"", ""parameter"": {""id"": 1, ""name"": ""pm10"", ""units"": ""µg/m³"", ""displayName"": ""PM10""}}, {""id"": 12235293, ""name"": ""pm10 µg/m³"", ""parameter"": {""id"": 1, ""name"": ""pm10"", ""units"": ""µg/m³"", ""displayName"": ""PM10""}}, {""id"": 12235294, ""name"": ""pm25 µg/m³"", ""parameter"": {""id"": 2, ""name"": ""pm25"", ""units"": ""µg/m³"", ""displayName"": ""PM2.5""}}, {""id"": 36391, ""name"": ""pm25 µg/m³"", ""parameter"": {""id"": 2, ""name"": ""pm25"", ""units"": ""µg/m³"", ""displayName"": ""PM2.5""}}, {""id"": 12235295, ""name"": ""relativehumidity %"", ""parameter"": {""id"": 98, ""name"": ""relativehumidity"", ""units"": ""%"", ""displayName"": ""RH""}}, {""id"": 12235296, ""name"": ""so2 ppb"", ""parameter"": {""id"": 101, ""name"": ""so2"", ""units"": ""ppb"", ""displayName"": ""SO₂""}}, {""id"": 12235297, ""name"": ""temperature c"", ""parameter"": {""id"": 100, ""name"": ""temperature"", ""units"": ""c"", ""displayName"": ""Temperature (C)""}}, {""id"": 14340809, ""name"": ""wind_direction deg"", ""parameter"": {""id"": 22, ""name"": ""wind_direction"", ""units"": ""deg"", ""displayName"": ""Wind direction""}}, {""id"": 14340810, ""name"": ""wind_speed m/s"", ""parameter"": {""id"": 34, ""name"": ""wind_speed"", ""units"": ""m/s"", ""displayName"": ""Wind speed""}}]",True,True
DL009,"Dr. Karni Singh Shooting Range, Delhi - DPCC",Delhi,Delhi,28.65195,77.23149,Active,5744,"Dr. Karni Singh Shooting Range, Delhi - DPCC","[{""id"": 15510, ""name"": ""co µg/m³"", ""parameter"": {""id"": 4, ""name"": ""co"", ""units"": ""µg/m³"", ""displayName"": ""CO mass""}}, {""id"": 15505, ""name"": ""no2 µg/m³"", ""parameter"": {""id"": 5, ""name"": ""no2"", ""units"": ""µg/m³"", ""displayName"": ""NO₂ mass""}}, {""id"": 15507, ""name"": ""o3 µg/m³"", ""parameter"": {""id"": 3, ""name"": ""o3"", ""units"": ""µg/m³"", ""displayName"": ""O₃ mass""}}, {""id"": 15588, ""name"": ""pm10 µg/m³"", ""parameter"": {""id"": 1, ""name"": ""pm10"", ""units"": ""µg/m³"", ""displayName"": ""PM10""}}, {""id"": 15589, ""name"": ""pm25 µg/m³"", ""parameter"": {""id"": 2, ""name"": ""pm25"", ""units"": ""µg/m³"", ""displayName"": ""PM2.5""}}, {""id"": 15509, ""name"": ""so2 µg/m³"", ""parameter"": {""id"": 6, ""name"": ""so2"", ""units"": ""µg/m³"", ""displayName"": ""SO₂ mass""}}]",True,True
DL010,"Dwarka-Sector 8, Delhi - DPCC",Delhi,Delhi,28.65195,77.23149,Active,5760,"Dwarka-Sector 8, Delhi - DPCC ","[{""id"": 15594, ""name"": ""co µg/m³"", ""parameter"": {""id"": 4, ""name"": ""co"", ""units"": ""µg/m³"", ""displayName"": ""CO mass""}}, {""id"": 15593, ""name"": ""no2 µg/m³"", ""parameter"": {""id"": 5, ""name"": ""no2"", ""units"": ""µg/m³"", ""displayName"": ""NO₂ mass""}}, {""id"": 15592, ""name"": ""o3 µg/m³"", ""parameter"": {""id"": 3, ""name"": ""o3"", ""units"": ""µg/m³"", ""displayName"": ""O₃ mass""}}, {""id"": 15569, ""name"": ""pm10 µg/m³"", ""parameter"": {""id"": 1, ""name"": ""pm10"", ""units"": ""µg/m³"", ""displayName"": ""PM10""}}, {""id"": 15570, ""name"": ""pm25 µg/m³"", ""parameter"": {""id"": 2, ""name"": ""pm25"", ""units"": ""µg/m³"", ""displayName"": ""PM2.5""}}, {""id"": 15590, ""name"": ""so2 µg/m³"", ""parameter"": {""id"": 6, ""name"": ""so2"", ""units"": ""µg/m³"", ""displayName"": ""SO₂ mass""}}]",True,True
DL012,"IGI Airport (T3), Delhi - IMD",Delhi,Delhi,28.65195,77.23149,Active,5650,"IGI Airport (T3), Delhi - IMD","[{""id"": 12234691, ""name"": ""co ppb"", ""parameter"": {""id"": 102, ""name"": ""co"", ""units"": ""ppb"", ""displayName"": ""CO""}}, {""id"": 12234692, ""name"": ""no ppb"", ""parameter"": {""id"": 24, ""name"": ""no"", ""units"": ""ppb"", ""displayName"": ""NO""}}, {""id"": 12234693, ""name"": ""no2 ppb"", ""parameter"": {""id"": 15, ""name"": ""no2"", ""units"": ""ppb"", ""displayName"": ""NO₂""}}, {""id"": 14340699, ""name"": ""nox ppb"", ""parameter"": {""id"": 23, ""name"": ""nox"", ""units"": ""ppb"", ""displayName"": ""NOX""}}, {""id"": 12234694, ""name"": ""o3 µg/m³"", ""parameter"": {""id"": 3, ""name"": ""o3"", ""units"": ""µg/m³"", ""displayName"": ""O₃ mass""}}, {""id"": 12234695, ""name"": ""pm10 µg/m³"", ""parameter"": {""id"": 1, ""name"": ""pm10"", ""units"": ""µg/m³"", ""displayName"": ""PM10""}}, {""id"": 12234696, ""name"": ""pm25 µg/m³"", ""parameter"": {""id"": 2, ""name"": ""pm25"", ""units"": ""µg/m³"", ""displayName"": ""PM2.5""}}]",True,True
DL014,"ITO, Delhi - CPCB",Delhi,Delhi,28.65195,77.23149,Active,10489,"ITO, Delhi - CPCB","[{""id"": 34823, ""name"": ""co µg/m³"", ""parameter"": {""id"": 4, ""name"": ""co"", ""units"": ""µg/m³"", ""displayName"": ""CO mass""}}, {""id"": 34821, ""name"": ""no2 µg/m³"", ""parameter"": {""id"": 5, ""name"": ""no2"", ""units"": ""µg/m³"", ""displayName"": ""NO₂ mass""}}, {""id"": 34816, ""name"": ""o3 µg/m³"", ""parameter"": {""id"": 3, ""name"": ""o3"", ""units"": ""µg/m³"", ""displayName"": ""O₃ mass""}}, {""id"": 34793, ""name"": ""pm10 µg/m³"", ""parameter"": {""id"": 1, ""name"": ""pm10"", ""units"": ""µg/m³"", ""displayName"": ""PM10""}}, {""id"": 35016, ""name"": ""pm25 µg/m³"", ""parameter"": {""id"": 2, ""name"": ""pm25"", ""units"": ""µg/m³"", ""displayName"": ""PM2.5""}}, {""id"": 35015, ""name"": ""so2 µg/m³"", ""parameter"": {""id"": 6, ""name"": ""so2"", ""units"": ""µg/m³"", ""displayName"": ""SO₂ mass""}}]",True,True
DL015,"Jahangirpuri, Delhi - DPCC",Delhi,Delhi,28.65195,77.23149,Active,5761,"Jahangirpuri, Delhi - DPCC","[{""id"": 15578, ""name"": ""co µg/m³"", ""parameter"": {""id"": 4, ""name"": ""co"", ""units"": ""µg/m³"", ""displayName"": ""CO mass""}}, {""id"": 15572, ""name"": ""no2 µg/m³"", ""parameter"": {""id"": 5, ""name"": ""no2"", ""units"": ""µg/m³"", ""displayName"": ""NO₂ mass""}}, {""id"": 15577, ""name"": ""o3 µg/m³"", ""parameter"": {""id"": 3, ""name"": ""o3"", ""units"": ""µg/m³"", ""displayName"": ""O₃ mass""}}, {""id"": 15623, ""name"": ""pm10 µg/m³"", ""parameter"": {""id"": 1, ""name"": ""pm10"", ""units"": ""µg/m³"", ""displayName"": ""PM10""}}, {""id"": 15621, ""name"": ""pm25 µg/m³"", ""parameter"": {""id"": 2, ""name"": ""pm25"", ""units"": ""µg/m³"", ""displayName"": ""PM2.5""}}, {""id"": 15585, ""name"": ""so2 µg/m³"", ""parameter"": {""id"": 6, ""name"": ""so2"", ""units"": ""µg/m³"", ""displayName"": ""SO₂ mass""}}]",True,True
DL016,"Jawaharlal Nehru Stadium, Delhi - DPCC",Delhi,Delhi,28.65195,77.23149,Active,5754,"Jawaharlal Nehru Stadium, Delhi - DPCC","[{""id"": 15548, ""name"": ""co µg/m³"", ""parameter"": {""id"": 4, ""name"": ""co"", ""units"": ""µg/m³"", ""displayName"": ""CO mass""}}, {""id"": 15547, ""name"": ""no2 µg/m³"", ""parameter"": {""id"": 5, ""name"": ""no2"", ""units"": ""µg/m³"", ""displayName"": ""NO₂ mass""}}, {""id"": 15550, ""name"": ""o3 µg/m³"", ""parameter"": {""id"": 3, ""name"": ""o3"", ""units"": ""µg/m³"", ""displayName"": ""O₃ mass""}}, {""id"": 15619, ""name"": ""pm10 µg/m³"", ""parameter"": {""id"": 1, ""name"": ""pm10"", ""units"": ""µg/m³"", ""displayName"": ""PM10""}}, {""id"": 15620, ""name"": ""pm25 µg/m³"", ""parameter"": {""id"": 2, ""name"": ""pm25"", ""units"": ""µg/m³"", ""displayName"": ""PM2.5""}}, {""id"": 15552, ""name"": ""so2 µg/m³"", ""parameter"": {""id"": 6, ""name"": ""so2"", ""units"": ""µg/m³"", ""displayName"": ""SO₂ mass""}}]",True,True
DL018,"Major Dhyan Chand National Stadium, Delhi - DPCC",Delhi,Delhi,28.65195,77.23149,Active,5755,"Major Dhyan Chand National Stadium, Delhi - DPCC","[{""id"": 15582, ""name"": ""co µg/m³"", ""parameter"": {""id"": 4, ""name"": ""co"", ""units"": ""µg/m³"", ""displayName"": ""CO mass""}}, {""id"": 15574, ""name"": ""no2 µg/m³"", ""parameter"": {""id"": 5, ""name"": ""no2"", ""units"": ""µg/m³"", ""displayName"": ""NO₂ mass""}}, {""id"": 15586, ""name"": ""o3 µg/m³"", ""parameter"": {""id"": 3, ""name"": ""o3"", ""units"": ""µg/m³"", ""displayName"": ""O₃ mass""}}, {""id"": 15549, ""name"": ""pm10 µg/m³"", ""parameter"": {""id"": 1, ""name"": ""pm10"", ""units"": ""µg/m³"", ""displayName"": ""PM10""}}, {""id"": 15551, ""name"": ""pm25 µg/m³"", ""parameter"": {""id"": 2, ""name"": ""pm25"", ""units"": ""µg/m³"", ""displayName"": ""PM2.5""}}, {""id"": 15587, ""name"": ""so2 µg/m³"", ""parameter"": {""id"": 6, ""name"": ""so2"", ""units"": ""µg/m³"", ""displayName"": ""SO₂ mass""}}]",True,True
DL019,"Mandir Marg, Delhi - DPCC",Delhi,Delhi,28.65195,77.23149,Active,236,"Mandir Marg, Delhi - DPCC","[{""id"": 386, ""name"": ""co µg/m³"", ""parameter"": {""id"": 4, ""name"": ""co"", ""units"": ""µg/m³"", ""displayName"": ""CO mass""}}, {""id"": 389, ""name"": ""no2 µg/m³"", ""parameter"": {""id"": 5, ""name"": ""no2"", ""units"": ""µg/m³"", ""displayName"": ""NO₂ mass""}}, {""id"": 390, ""name"": ""o3 µg/m³"", ""parameter"": {""id"": 3, ""name"": ""o3"", ""units"": ""µg/m³"", ""displayName"": ""O₃ mass""}}, {""id"": 391, ""name"": ""pm10 µg/m³"", ""parameter"": {""id"": 1, ""name"": ""pm10"", ""units"": ""µg/m³"", ""displayName"": ""PM10""}}, {""id"": 388, ""name"": ""pm25 µg/m³"", ""parameter"": {""id"": 2, ""name"": ""pm25"", ""units"": ""µg/m³"", ""displayName"": ""PM2.5""}}, {""id"": 387, ""name"": ""so2 µg/m³"", ""parameter"": {""id"": 6, ""name"": ""so2"", ""units"": ""µg/m³"", ""displayName"": ""SO₂ mass""}}]",True,True
DL020,"Mundka, Delhi - DPCC",Delhi,Delhi,28.65195,77.23149,Active,10486,"Mundka, Delhi - DPCC","[{""id"": 34763, ""name"": ""co µg/m³"", ""parameter"": {""id"": 4, ""name"": ""co"", ""units"": ""µg/m³"", ""displayName"": ""CO mass""}}, {""id"": 12235298, ""name"": ""co ppb"", ""parameter"": {""id"": 102, ""name"": ""co"", ""units"": ""ppb"", ""displayName"": ""CO""}}, {""id"": 12235299, ""name"": ""no ppb"", ""parameter"": {""id"": 24, ""name"": ""no"", ""units"": ""ppb"", ""displayName"": ""NO""}}, {""id"": 34764, ""name"": ""no2 µg/m³"", ""parameter"": {""id"": 5, ""name"": ""no2"", ""units"": ""µg/m³"", ""displayName"": ""NO₂ mass""}}, {""id"": 12235300, ""name"": ""no2 ppb"", ""parameter"": {""id"": 15, ""name"": ""no2"", ""units"": ""ppb"", ""displayName"": ""NO₂""}}, {""id"": 14340811, ""name"": ""nox ppb"", ""parameter"": {""id"": 23, ""name"": ""nox"", ""units"": ""ppb"", ""displayName"": ""NOX""}}, {""id"": 12235301, ""name"": ""o3 µg/m³"", ""parameter"": {""id"": 3, ""name"": ""o3"", ""units"": ""µg/m³"", ""displayName"": ""O₃ mass""}}, {""id"": 34765, ""name"": ""o3 µg/m³"", ""parameter"": {""id"": 3, ""name"": ""o3"", ""units"": ""µg/m³"", ""displayName"": ""O₃ mass""}}, {""id"": 12235302, ""name"": ""pm10 µg/m³"", ""parameter"": {""id"": 1, ""name"": ""pm10"", ""units"": ""µg/m³"", ""displayName"": ""PM10""}}, {""id"": 34766, ""name"": ""pm10 µg/m³"", ""parameter"": {""id"": 1, ""name"": ""pm10"", ""units"": ""µg/m³"", ""displayName"": ""PM10""}}, {""id"": 12235303, ""name"": ""pm25 µg/m³"", ""parameter"": {""id"": 2, ""name"": ""pm25"", ""units"": ""µg/m³"", ""displayName"": ""PM2.5""}}, {""id"": 34767, ""name"": ""pm25 µg/m³"", ""parameter"": {""id"": 2, ""name"": ""pm25"", ""units"": ""µg/m³"", ""displayName"": ""PM2.5""}}, {""id"": 12235304, ""name"": ""relativehumidity %"", ""parameter"": {""id"": 98, ""name"": ""relativehumidity"", ""units"": ""%"", ""displayName"": ""RH""}}, {""id"": 34769, ""name"": ""so2 µg/m³"", ""parameter"": {""id"": 6, ""name"": ""so2"", ""units"": ""µg/m³"", ""displayName"": ""SO₂ mass""}}, {""id"": 12235305, ""name"": ""so2 ppb"", ""parameter"": {""id"": 101, ""name"": ""so2"", ""units"": ""ppb"", ""displayName"": ""SO₂""}}, {""id"": 12235306, ""name"": ""temperature c"", ""parameter"": {""id"": 100, ""name"": ""temperature"", ""units"": ""c"", ""displayName"": ""Temperature (C)""}}, {""id"": 14340812, ""name"": ""wind_direction deg"", ""parameter"": {""id"": 22, ""name"": ""wind_direction"", ""units"": ""deg"", ""displayName"": ""Wind direction""}}, {""id"": 14340813, ""name"": ""wind_speed m/s"", ""parameter"": {""id"": 34, ""name"": ""wind_speed"", ""units"": ""m/s"", ""displayName"": ""Wind speed""}}]",True,True
DL021,"NSIT Dwarka, Delhi - CPCB",Delhi,Delhi,28.65195,77.23149,Active,5622,"NSIT Dwarka, Delhi - CPCB","[{""id"": 12234739, ""name"": ""co ppb"", ""parameter"": {""id"": 102, ""name"": ""co"", ""units"": ""ppb"", ""displayName"": ""CO""}}, {""id"": 14916, ""name"": ""co µg/m³"", ""parameter"": {""id"": 4, ""name"": ""co"", ""units"": ""µg/m³"", ""displayName"": ""CO mass""}}, {""id"": 12234740, ""name"": ""no ppb"", ""parameter"": {""id"": 24, ""name"": ""no"", ""units"": ""ppb"", ""displayName"": ""NO""}}, {""id"": 14919, ""name"": ""no2 µg/m³"", ""parameter"": {""id"": 5, ""name"": ""no2"", ""units"": ""µg/m³"", ""displayName"": ""NO₂ mass""}}, {""id"": 12234741, ""name"": ""no2 ppb"", ""parameter"": {""id"": 15, ""name"": ""no2"", ""units"": ""ppb"", ""displayName"": ""NO₂""}}, {""id"": 14341688, ""name"": ""nox ppb"", ""parameter"": {""id"": 23, ""name"": ""nox"", ""units"": ""ppb"", ""displayName"": ""NOX""}}, {""id"": 12234742, ""name"": ""o3 µg/m³"", ""parameter"": {""id"": 3, ""name"": ""o3"", ""units"": ""µg/m³"", ""displayName"": ""O₃ mass""}}, {""id"": 14920, ""name"": ""o3 µg/m³"", ""parameter"": {""id"": 3, ""name"": ""o3"", ""units"": ""µg/m³"", ""displayName"": ""O₃ mass""}}, {""id"": 34957, ""name"": ""pm10 µg/m³"", ""parameter"": {""id"": 1, ""name"": ""pm10"", ""units"": ""µg/m³"", ""displayName"": ""PM10""}}, {""id"": 12234743, ""name"": ""pm10 µg/m³"", ""parameter"": {""id"": 1, ""name"": ""pm10"", ""units"": ""µg/m³"", ""displayName"": ""PM10""}}, {""id"": 14922, ""name"": ""pm25 µg/m³"", ""parameter"": {""id"": 2, ""name"": ""pm25"", ""units"": ""µg/m³"", ""displayName"": ""PM2.5""}}, {""id"": 12234744, ""name"": ""pm25 µg/m³"", ""parameter"": {""id"": 2, ""name"": ""pm25"", ""units"": ""µg/m³"", ""displayName"": ""PM2.5""}}, {""id"": 12234745, ""name"": ""relativehumidity %"", ""parameter"": {""id"": 98, ""name"": ""relativehumidity"", ""units"": ""%"", ""displayName"": ""RH""}}, {""id"": 12234746, ""name"": ""so2 ppb"", ""parameter"": {""id"": 101, ""name"": ""so2"", ""units"": ""ppb"", ""displayName"": ""SO₂""}}, {""id"": 14923, ""name"": ""so2 µg/m³"", ""parameter"": {""id"": 6, ""name"": ""so2"", ""units"": ""µg/m³"", ""displayName"": ""SO₂ mass""}}, {""id"": 12234747, ""name"": ""temperature c"", ""parameter"": {""id"": 100, ""name"": ""temperature"", ""units"": ""c"", ""displayName"": ""Temperature (C)""}}, {""id"": 14341690, ""name"": ""wind_direction deg"", ""parameter"": {""id"": 22, ""name"": ""wind_direction"", ""units"": ""deg"", ""displayName"": ""Wind direction""}}, {""id"": 14341692, ""name"": ""wind_speed m/s"", ""parameter"": {""id"": 34, ""name"": ""wind_speed"", ""units"": ""m/s"", ""displayName"": ""Wind speed""}}]",True,True
DL022,"Najafgarh, Delhi - DPCC",Delhi,Delhi,28.65195,77.23149,Active,10488,"Najafgarh, Delhi - DPCC","[{""id"": 34779, ""name"": ""co µg/m³"", ""parameter"": {""id"": 4, ""name"": ""co"", ""units"": ""µg/m³"", ""displayName"": ""CO mass""}}, {""id"": 12235060, ""name"": ""co ppb"", ""parameter"": {""id"": 102, ""name"": ""co"", ""units"": ""ppb"", ""displayName"": ""CO""}}, {""id"": 12235061, ""name"": ""no ppb"", ""parameter"": {""id"": 24, ""name"": ""no"", ""units"": ""ppb"", ""displayName"": ""NO""}}, {""id"": 12235062, ""name"": ""no2 ppb"", ""parameter"": {""id"": 15, ""name"": ""no2"", ""units"": ""ppb"", ""displayName"": ""NO₂""}}, {""id"": 34778, ""name"": ""no2 µg/m³"", ""parameter"": {""id"": 5, ""name"": ""no2"", ""units"": ""µg/m³"", ""displayName"": ""NO₂ mass""}}, {""id"": 14340758, ""name"": ""nox ppb"", ""parameter"": {""id"": 23, ""name"": ""nox"", ""units"": ""ppb"", ""displayName"": ""NOX""}}, {""id"": 34777, ""name"": ""o3 µg/m³"", ""parameter"": {""id"": 3, ""name"": ""o3"", ""units"": ""µg/m³"", ""displayName"": ""O₃ mass""}}, {""id"": 12235063, ""name"": ""o3 µg/m³"", ""parameter"": {""id"": 3, ""name"": ""o3"", ""units"": ""µg/m³"", ""displayName"": ""O₃ mass""}}, {""id"": 12235064, ""name"": ""pm10 µg/m³"", ""parameter"": {""id"": 1, ""name"": ""pm10"", ""units"": ""µg/m³"", ""displayName"": ""PM10""}}, {""id"": 34775, ""name"": ""pm10 µg/m³"", ""parameter"": {""id"": 1, ""name"": ""pm10"", ""units"": ""µg/m³"", ""displayName"": ""PM10""}}, {""id"": 34774, ""name"": ""pm25 µg/m³"", ""parameter"": {""id"": 2, ""name"": ""pm25"", ""units"": ""µg/m³"", ""displayName"": ""PM2.5""}}, {""id"": 12235065, ""name"": ""pm25 µg/m³"", ""parameter"": {""id"": 2, ""name"": ""pm25"", ""units"": ""µg/m³"", ""displayName"": ""PM2.5""}}, {""id"": 12235066, ""name"": ""relativehumidity %"", ""parameter"": {""id"": 98, ""name"": ""relativehumidity"", ""units"": ""%"", ""displayName"": ""RH""}}, {""id"": 34773, ""name"": ""so2 µg/m³"", ""parameter"": {""id"": 6, ""name"": ""so2"", ""units"": ""µg/m³"", ""displayName"": ""SO₂ mass""}}, {""id"": 12235067, ""name"": ""so2 ppb"", ""parameter"": {""id"": 101, ""name"": ""so2"", ""units"": ""ppb"", ""displayName"": ""SO₂""}}, {""id"": 12235068, ""name"": ""temperature c"", ""parameter"": {""id"": 100, ""name"": ""temperature"", ""units"": ""c"", ""displayName"": ""Temperature (C)""}}, {""id"": 14340759, ""name"": ""wind_direction deg"", ""parameter"": {""id"": 22, ""name"": ""wind_direction"", ""units"": ""deg"", ""displayName"": ""Wind direction""}}, {""id"": 14340760, ""name"": ""wind_speed m/s"", ""parameter"": {""id"": 34, ""name"": ""wind_speed"", ""units"": ""m/s"", ""displayName"": ""Wind speed""}}]",True,True
DL023,"Narela, Delhi - DPCC",Delhi,Delhi,28.65195,77.23149,Active,5763,"Narela, Delhi - DPCC","[{""id"": 15576, ""name"": ""co µg/m³"", ""parameter"": {""id"": 4, ""name"": ""co"", ""units"": ""µg/m³"", ""displayName"": ""CO mass""}}, {""id"": 15581, ""name"": ""no2 µg/m³"", ""parameter"": {""id"": 5, ""name"": ""no2"", ""units"": ""µg/m³"", ""displayName"": ""NO₂ mass""}}, {""id"": 15580, ""name"": ""o3 µg/m³"", ""parameter"": {""id"": 3, ""name"": ""o3"", ""units"": ""µg/m³"", ""displayName"": ""O₃ mass""}}, {""id"": 15609, ""name"": ""pm10 µg/m³"", ""parameter"": {""id"": 1, ""name"": ""pm10"", ""units"": ""µg/m³"", ""displayName"": ""PM10""}}, {""id"": 15606, ""name"": ""pm25 µg/m³"", ""parameter"": {""id"": 2, ""name"": ""pm25"", ""units"": ""µg/m³"", ""displayName"": ""PM2.5""}}, {""id"": 15575, ""name"": ""so2 µg/m³"", ""parameter"": {""id"": 6, ""name"": ""so2"", ""units"": ""µg/m³"", ""displayName"": ""SO₂ mass""}}]",True,True
DL024,"Nehru Nagar, Delhi - DPCC",Delhi,Delhi,28.65195,77.23149,Active,5766,"Nehru Nagar, Delhi - DPCC","[{""id"": 15607, ""name"": ""co µg/m³"", ""parameter"": {""id"": 4, ""name"": ""co"", ""units"": ""µg/m³"", ""displayName"": ""CO mass""}}, {""id"": 15612, ""name"": ""no2 µg/m³"", ""parameter"": {""id"": 5, ""name"": ""no2"", ""units"": ""µg/m³"", ""displayName"": ""NO₂ mass""}}, {""id"": 15616, ""name"": ""o3 µg/m³"", ""parameter"": {""id"": 3, ""name"": ""o3"", ""units"": ""µg/m³"", ""displayName"": ""O₃ mass""}}, {""id"": 15625, ""name"": ""pm10 µg/m³"", ""parameter"": {""id"": 1, ""name"": ""pm10"", ""units"": ""µg/m³"", ""displayName"": ""PM10""}}, {""id"": 15626, ""name"": ""pm25 µg/m³"", ""parameter"": {""id"": 2, ""name"": ""pm25"", ""units"": ""µg/m³"", ""displayName"": ""PM2.5""}}, {""id"": 15608, ""name"": ""so2 µg/m³"", ""parameter"": {""id"": 6, ""name"": ""so2"", ""units"": ""µg/m³"", ""displayName"": ""SO₂ mass""}}]",True,True
DL025,"North Campus, DU, Delhi - IMD",Delhi,Delhi,28.65195,77.23149,Active,5610,"North Campus, DU, Delhi - IMD","[{""id"": 12234685, ""name"": ""co ppb"", ""parameter"": {""id"": 102, ""name"": ""co"", ""units"": ""ppb"", ""displayName"": ""CO""}}, {""id"": 14909, ""name"": ""co µg/m³"", ""parameter"": {""id"": 4, ""name"": ""co"", ""units"": ""µg/m³"", ""displayName"": ""CO mass""}}, {""id"": 12234686, ""name"": ""no ppb"", ""parameter"": {""id"": 24, ""name"": ""no"", ""units"": ""ppb"", ""displayName"": ""NO""}}, {""id"": 12234687, ""name"": ""no2 ppb"", ""parameter"": {""id"": 15, ""name"": ""no2"", ""units"": ""ppb"", ""displayName"": ""NO₂""}}, {""id"": 14902, ""name"": ""no2 µg/m³"", ""parameter"": {""id"": 5, ""name"": ""no2"", ""units"": ""µg/m³"", ""displayName"": ""NO₂ mass""}}, {""id"": 14340698, ""name"": ""nox ppb"", ""parameter"": {""id"": 23, ""name"": ""nox"", ""units"": ""ppb"", ""displayName"": ""NOX""}}, {""id"": 2007703, ""name"": ""o3 ppm"", ""parameter"": {""id"": 10, ""name"": ""o3"", ""units"": ""ppm"", ""displayName"": ""O₃""}}, {""id"": 12234688, ""name"": ""o3 µg/m³"", ""parameter"": {""id"": 3, ""name"": ""o3"", ""units"": ""µg/m³"", ""displayName"": ""O₃ mass""}}, {""id"": 14889, ""name"": ""o3 µg/m³"", ""parameter"": {""id"": 3, ""name"": ""o3"", ""units"": ""µg/m³"", ""displayName"": ""O₃ mass""}}, {""id"": 14886, ""name"": ""pm10 µg/m³"", ""parameter"": {""id"": 1, ""name"": ""pm10"", ""units"": ""µg/m³"", ""displayName"": ""PM10""}}, {""id"": 12234689, ""name"": ""pm10 µg/m³"", ""parameter"": {""id"": 1, ""name"": ""pm10"", ""units"": ""µg/m³"", ""displayName"": ""PM10""}}, {""id"": 14860, ""name"": ""pm25 µg/m³"", ""parameter"": {""id"": 2, ""name"": ""pm25"", ""units"": ""µg/m³"", ""displayName"": ""PM2.5""}}, {""id"": 12234690, ""name"": ""pm25 µg/m³"", ""parameter"": {""id"": 2, ""name"": ""pm25"", ""units"": ""µg/m³"", ""displayName"": ""PM2.5""}}]",True,True
DL026,"Okhla Phase-2, Delhi - DPCC",Delhi,Delhi,28.65195,77.23149,Active,5765,"Okhla Phase-2, Delhi - DPCC","[{""id"": 15597, ""name"": ""co µg/m³"", ""parameter"": {""id"": 4, ""name"": ""co"", ""units"": ""µg/m³"", ""displayName"": ""CO mass""}}, {""id"": 15600, ""name"": ""no2 µg/m³"", ""parameter"": {""id"": 5, ""name"": ""no2"", ""units"": ""µg/m³"", ""displayName"": ""NO₂ mass""}}, {""id"": 15598, ""name"": ""o3 µg/m³"", ""parameter"": {""id"": 3, ""name"": ""o3"", ""units"": ""µg/m³"", ""displayName"": ""O₃ mass""}}, {""id"": 15624, ""name"": ""pm10 µg/m³"", ""parameter"": {""id"": 1, ""name"": ""pm10"", ""units"": ""µg/m³"", ""displayName"": ""PM10""}}, {""id"": 15627, ""name"": ""pm25 µg/m³"", ""parameter"": {""id"": 2, ""name"": ""pm25"", ""units"": ""µg/m³"", ""displayName"": ""PM2.5""}}, {""id"": 15599, ""name"": ""so2 µg/m³"", ""parameter"": {""id"": 6, ""name"": ""so2"", ""units"": ""µg/m³"", ""displayName"": ""SO₂ mass""}}]",True,True
DL027,"Patparganj, Delhi - DPCC",Delhi,Delhi,28.65195,77.23149,Active,5742,"Patparganj, Delhi - DPCC","[{""id"": 15498, ""name"": ""no2 µg/m³"", ""parameter"": {""id"": 5, ""name"": ""no2"", ""units"": ""µg/m³"", ""displayName"": ""NO₂ mass""}}, {""id"": 15500, ""name"": ""o3 µg/m³"", ""parameter"": {""id"": 3, ""name"": ""o3"", ""units"": ""µg/m³"", ""displayName"": ""O₃ mass""}}, {""id"": 15628, ""name"": ""pm10 µg/m³"", ""parameter"": {""id"": 1, ""name"": ""pm10"", ""units"": ""µg/m³"", ""displayName"": ""PM10""}}, {""id"": 15629, ""name"": ""pm25 µg/m³"", ""parameter"": {""id"": 2, ""name"": ""pm25"", ""units"": ""µg/m³"", ""displayName"": ""PM2.5""}}, {""id"": 15499, ""name"": ""so2 µg/m³"", ""parameter"": {""id"": 6, ""name"": ""so2"", ""units"": ""µg/m³"", ""displayName"": ""SO₂ mass""}}]",True,True
DL028,"Punjabi Bagh, Delhi - DPCC",Delhi,Delhi,28.65195,77.23149,Active,50,"Punjabi Bagh, Delhi - DPCC","[{""id"": 12234791, ""name"": ""co ppb"", ""parameter"": {""id"": 102, ""name"": ""co"", ""units"": ""ppb"", ""displayName"": ""CO""}}, {""id"": 398, ""name"": ""co µg/m³"", ""parameter"": {""id"": 4, ""name"": ""co"", ""units"": ""µg/m³"", ""displayName"": ""CO mass""}}, {""id"": 12234792, ""name"": ""no ppb"", ""parameter"": {""id"": 24, ""name"": ""no"", ""units"": ""ppb"", ""displayName"": ""NO""}}, {""id"": 12234793, ""name"": ""no2 ppb"", ""parameter"": {""id"": 15, ""name"": ""no2"", ""units"": ""ppb"", ""displayName"": ""NO₂""}}, {""id"": 400, ""name"": ""no2 µg/m³"", ""parameter"": {""id"": 5, ""name"": ""no2"", ""units"": ""µg/m³"", ""displayName"": ""NO₂ mass""}}, {""id"": 14340716, ""name"": ""nox ppb"", ""parameter"": {""id"": 23, ""name"": ""nox"", ""units"": ""ppb"", ""displayName"": ""NOX""}}, {""id"": 71, ""name"": ""o3 µg/m³"", ""parameter"": {""id"": 3, ""name"": ""o3"", ""units"": ""µg/m³"", ""displayName"": ""O₃ mass""}}, {""id"": 12234794, ""name"": ""o3 µg/m³"", ""parameter"": {""id"": 3, ""name"": ""o3"", ""units"": ""µg/m³"", ""displayName"": ""O₃ mass""}}, {""id"": 12234795, ""name"": ""pm10 µg/m³"", ""parameter"": {""id"": 1, ""name"": ""pm10"", ""units"": ""µg/m³"", ""displayName"": ""PM10""}}, {""id"": 395, ""name"": ""pm10 µg/m³"", ""parameter"": {""id"": 1, ""name"": ""pm10"", ""units"": ""µg/m³"", ""displayName"": ""PM10""}}, {""id"": 12234796, ""name"": ""pm25 µg/m³"", ""parameter"": {""id"": 2, ""name"": ""pm25"", ""units"": ""µg/m³"", ""displayName"": ""PM2.5""}}, {""id"": 396, ""name"": ""pm25 µg/m³"", ""parameter"": {""id"": 2, ""name"": ""pm25"", ""units"": ""µg/m³"", ""displayName"": ""PM2.5""}}, {""id"": 12234797, ""name"": ""relativehumidity %"", ""parameter"": {""id"": 98, ""name"": ""relativehumidity"", ""units"": ""%"", ""displayName"": ""RH""}}, {""id"": 12234798, ""name"": ""so2 ppb"", ""parameter"": {""id"": 101, ""name"": ""so2"", ""units"": ""ppb"", ""displayName"": ""SO₂""}}, {""id"": 397, ""name"": ""so2 µg/m³"", ""parameter"": {""id"": 6, ""name"": ""so2"", ""units"": ""µg/m³"", ""displayName"": ""SO₂ mass""}}, {""id"": 12234799, ""name"": ""temperature c"", ""parameter"": {""id"": 100, ""name"": ""temperature"", ""units"": ""c"", ""displayName"": ""Temperature (C)""}}, {""id"": 14340717, ""name"": ""wind_direction deg"", ""parameter"": {""id"": 22, ""name"": ""wind_direction"", ""units"": ""deg"", ""displayName"": ""Wind direction""}}, {""id"": 14340718, ""name"": ""wind_speed m/s"", ""parameter"": {""id"": 34, ""name"": ""wind_speed"", ""units"": ""m/s"", ""displayName"": ""Wind speed""}}]",True,True
DL029,"Pusa, Delhi - DPCC",Delhi,Delhi,28.65195,77.23149,Active,6356,"Pusa, Delhi - DPCC","[{""id"": 12235316, ""name"": ""co ppb"", ""parameter"": {""id"": 102, ""name"": ""co"", ""units"": ""ppb"", ""displayName"": ""CO""}}, {""id"": 12235317, ""name"": ""no ppb"", ""parameter"": {""id"": 24, ""name"": ""no"", ""units"": ""ppb"", ""displayName"": ""NO""}}, {""id"": 12235318, ""name"": ""no2 ppb"", ""parameter"": {""id"": 15, ""name"": ""no2"", ""units"": ""ppb"", ""displayName"": ""NO₂""}}, {""id"": 14340817, ""name"": ""nox ppb"", ""parameter"": {""id"": 23, ""name"": ""nox"", ""units"": ""ppb"", ""displayName"": ""NOX""}}, {""id"": 12235319, ""name"": ""o3 µg/m³"", ""parameter"": {""id"": 3, ""name"": ""o3"", ""units"": ""µg/m³"", ""displayName"": ""O₃ mass""}}, {""id"": 12235320, ""name"": ""pm10 µg/m³"", ""parameter"": {""id"": 1, ""name"": ""pm10"", ""units"": ""µg/m³"", ""displayName"": ""PM10""}}, {""id"": 12235321, ""name"": ""pm25 µg/m³"", ""parameter"": {""id"": 2, ""name"": ""pm25"", ""units"": ""µg/m³"", ""displayName"": ""PM2.5""}}, {""id"": 12235322, ""name"": ""relativehumidity %"", ""parameter"": {""id"": 98, ""name"": ""relativehumidity"", ""units"": ""%"", ""displayName"": ""RH""}}, {""id"": 12235323, ""name"": ""so2 ppb"", ""parameter"": {""id"": 101, ""name"": ""so2"", ""units"": ""ppb"", ""displayName"": ""SO₂""}}, {""id"": 12235324, ""name"": ""temperature c"", ""parameter"": {""id"": 100, ""name"": ""temperature"", ""units"": ""c"", ""displayName"": ""Temperature (C)""}}, {""id"": 14340818, ""name"": ""wind_direction deg"", ""parameter"": {""id"": 22, ""name"": ""wind_direction"", ""units"": ""deg"", ""displayName"": ""Wind direction""}}, {""id"": 14340819, ""name"": ""wind_speed m/s"", ""parameter"": {""id"": 34, ""name"": ""wind_speed"", ""units"": ""m/s"", ""displayName"": ""Wind speed""}}]",True,True
DL030,"Pusa, Delhi - IMD",Delhi,Delhi,28.65195,77.23149,Active,5404,"Pusa, Delhi - IMD","[{""id"": 14086, ""name"": ""co µg/m³"", ""parameter"": {""id"": 4, ""name"": ""co"", ""units"": ""µg/m³"", ""displayName"": ""CO mass""}}, {""id"": 12234697, ""name"": ""co ppb"", ""parameter"": {""id"": 102, ""name"": ""co"", ""units"": ""ppb"", ""displayName"": ""CO""}}, {""id"": 12234698, ""name"": ""no ppb"", ""parameter"": {""id"": 24, ""name"": ""no"", ""units"": ""ppb"", ""displayName"": ""NO""}}, {""id"": 14084, ""name"": ""no2 µg/m³"", ""parameter"": {""id"": 5, ""name"": ""no2"", ""units"": ""µg/m³"", ""displayName"": ""NO₂ mass""}}, {""id"": 12234699, ""name"": ""no2 ppb"", ""parameter"": {""id"": 15, ""name"": ""no2"", ""units"": ""ppb"", ""displayName"": ""NO₂""}}, {""id"": 14340700, ""name"": ""nox ppb"", ""parameter"": {""id"": 23, ""name"": ""nox"", ""units"": ""ppb"", ""displayName"": ""NOX""}}, {""id"": 12234700, ""name"": ""o3 µg/m³"", ""parameter"": {""id"": 3, ""name"": ""o3"", ""units"": ""µg/m³"", ""displayName"": ""O₃ mass""}}, {""id"": 12234701, ""name"": ""pm10 µg/m³"", ""parameter"": {""id"": 1, ""name"": ""pm10"", ""units"": ""µg/m³"", ""displayName"": ""PM10""}}, {""id"": 14085, ""name"": ""pm10 µg/m³"", ""parameter"": {""id"": 1, ""name"": ""pm10"", ""units"": ""µg/m³"", ""displayName"": ""PM10""}}, {""id"": 14087, ""name"": ""pm25 µg/m³"", ""parameter"": {""id"": 2, ""name"": ""pm25"", ""units"": ""µg/m³"", ""displayName"": ""PM2.5""}}, {""id"": 12234702, ""name"": ""pm25 µg/m³"", ""parameter"": {""id"": 2, ""name"": ""pm25"", ""units"": ""µg/m³"", ""displayName"": ""PM2.5""}}]",True,True
DL031,"R K Puram, Delhi - DPCC",Delhi,Delhi,28.65195,77.23149,Active,17,"R K Puram, Delhi - DPCC","[{""id"": 12234782, ""name"": ""co ppb"", ""parameter"": {""id"": 102, ""name"": ""co"", ""units"": ""ppb"", ""displayName"": ""CO""}}, {""id"": 392, ""name"": ""co µg/m³"", ""parameter"": {""id"": 4, ""name"": ""co"", ""units"": ""µg/m³"", ""displayName"": ""CO mass""}}, {""id"": 12234783, ""name"": ""no ppb"", ""parameter"": {""id"": 24, ""name"": ""no"", ""units"": ""ppb"", ""displayName"": ""NO""}}, {""id"": 36, ""name"": ""no2 µg/m³"", ""parameter"": {""id"": 5, ""name"": ""no2"", ""units"": ""µg/m³"", ""displayName"": ""NO₂ mass""}}, {""id"": 12234784, ""name"": ""no2 ppb"", ""parameter"": {""id"": 15, ""name"": ""no2"", ""units"": ""ppb"", ""displayName"": ""NO₂""}}, {""id"": 14340713, ""name"": ""nox ppb"", ""parameter"": {""id"": 23, ""name"": ""nox"", ""units"": ""ppb"", ""displayName"": ""NOX""}}, {""id"": 394, ""name"": ""o3 µg/m³"", ""parameter"": {""id"": 3, ""name"": ""o3"", ""units"": ""µg/m³"", ""displayName"": ""O₃ mass""}}, {""id"": 12234785, ""name"": ""o3 µg/m³"", ""parameter"": {""id"": 3, ""name"": ""o3"", ""units"": ""µg/m³"", ""displayName"": ""O₃ mass""}}, {""id"": 12234786, ""name"": ""pm10 µg/m³"", ""parameter"": {""id"": 1, ""name"": ""pm10"", ""units"": ""µg/m³"", ""displayName"": ""PM10""}}, {""id"": 399, ""name"": ""pm10 µg/m³"", ""parameter"": {""id"": 1, ""name"": ""pm10"", ""units"": ""µg/m³"", ""displayName"": ""PM10""}}, {""id"": 35, ""name"": ""pm25 µg/m³"", ""parameter"": {""id"": 2, ""name"": ""pm25"", ""units"": ""µg/m³"", ""displayName"": ""PM2.5""}}, {""id"": 12234787, ""name"": ""pm25 µg/m³"", ""parameter"": {""id"": 2, ""name"": ""pm25"", ""units"": ""µg/m³"", ""displayName"": ""PM2.5""}}, {""id"": 12234788, ""name"": ""relativehumidity %"", ""parameter"": {""id"": 98, ""name"": ""relativehumidity"", ""units"": ""%"", ""displayName"": ""RH""}}, {""id"": 393, ""name"": ""so2 µg/m³"", ""parameter"": {""id"": 6, ""name"": ""so2"", ""units"": ""µg/m³"", ""displayName"": ""SO₂ mass""}}, {""id"": 12234789, ""name"": ""so2 ppb"", ""parameter"": {""id"": 101, ""name"": ""so2"", ""units"": ""ppb"", ""displayName"": ""SO₂""}}, {""id"": 12234790, ""name"": ""temperature c"", ""parameter"": {""id"": 100, ""name"": ""temperature"", ""units"": ""c"", ""displayName"": ""Temperature (C)""}}, {""id"": 14340714, ""name"": ""wind_direction deg"", ""parameter"": {""id"": 22, ""name"": ""wind_direction"", ""units"": ""deg"", ""displayName"": ""Wind direction""}}, {""id"": 14340715, ""name"": ""wind_speed m/s"", ""parameter"": {""id"": 34, ""name"": ""wind_speed"", ""units"": ""m/s"", ""displayName"": ""Wind speed""}}]",True,True
DL032,"Rohini, Delhi - DPCC",Delhi,Delhi,28.65195,77.23149,Active,5743,"Rohini, Delhi - DPCC","[{""id"": 15503, ""name"": ""co µg/m³"", ""parameter"": {""id"": 4, ""name"": ""co"", ""units"": ""µg/m³"", ""displayName"": ""CO mass""}}, {""id"": 15508, ""name"": ""no2 µg/m³"", ""parameter"": {""id"": 5, ""name"": ""no2"", ""units"": ""µg/m³"", ""displayName"": ""NO₂ mass""}}, {""id"": 15506, ""name"": ""o3 µg/m³"", ""parameter"": {""id"": 3, ""name"": ""o3"", ""units"": ""µg/m³"", ""displayName"": ""O₃ mass""}}, {""id"": 15622, ""name"": ""pm10 µg/m³"", ""parameter"": {""id"": 1, ""name"": ""pm10"", ""units"": ""µg/m³"", ""displayName"": ""PM10""}}, {""id"": 15618, ""name"": ""pm25 µg/m³"", ""parameter"": {""id"": 2, ""name"": ""pm25"", ""units"": ""µg/m³"", ""displayName"": ""PM2.5""}}, {""id"": 15504, ""name"": ""so2 µg/m³"", ""parameter"": {""id"": 6, ""name"": ""so2"", ""units"": ""µg/m³"", ""displayName"": ""SO₂ mass""}}]",True,True
DL033,"Shadipur, Delhi - CPCB",Delhi,Delhi,28.65195,77.23149,Active,2503,"Shadipur, Delhi - CPCB","[{""id"": 4851, ""name"": ""co µg/m³"", ""parameter"": {""id"": 4, ""name"": ""co"", ""units"": ""µg/m³"", ""displayName"": ""CO mass""}}, {""id"": 4852, ""name"": ""no2 µg/m³"", ""parameter"": {""id"": 5, ""name"": ""no2"", ""units"": ""µg/m³"", ""displayName"": ""NO₂ mass""}}, {""id"": 4853, ""name"": ""o3 µg/m³"", ""parameter"": {""id"": 3, ""name"": ""o3"", ""units"": ""µg/m³"", ""displayName"": ""O₃ mass""}}, {""id"": 13860, ""name"": ""pm25 µg/m³"", ""parameter"": {""id"": 2, ""name"": ""pm25"", ""units"": ""µg/m³"", ""displayName"": ""PM2.5""}}, {""id"": 13859, ""name"": ""so2 µg/m³"", ""parameter"": {""id"": 6, ""name"": ""so2"", ""units"": ""µg/m³"", ""displayName"": ""SO₂ mass""}}]",True,True
DL034,"Sirifort, Delhi - CPCB",Delhi,Delhi,28.65195,77.23149,Active,5586,"Sirifort, Delhi - CPCB","[{""id"": 12234764, ""name"": ""co ppb"", ""parameter"": {""id"": 102, ""name"": ""co"", ""units"": ""ppb"", ""displayName"": ""CO""}}, {""id"": 12234765, ""name"": ""no ppb"", ""parameter"": {""id"": 24, ""name"": ""no"", ""units"": ""ppb"", ""displayName"": ""NO""}}, {""id"": 12234766, ""name"": ""no2 ppb"", ""parameter"": {""id"": 15, ""name"": ""no2"", ""units"": ""ppb"", ""displayName"": ""NO₂""}}, {""id"": 14340707, ""name"": ""nox ppb"", ""parameter"": {""id"": 23, ""name"": ""nox"", ""units"": ""ppb"", ""displayName"": ""NOX""}}, {""id"": 12234767, ""name"": ""o3 µg/m³"", ""parameter"": {""id"": 3, ""name"": ""o3"", ""units"": ""µg/m³"", ""displayName"": ""O₃ mass""}}, {""id"": 12234768, ""name"": ""pm10 µg/m³"", ""parameter"": {""id"": 1, ""name"": ""pm10"", ""units"": ""µg/m³"", ""displayName"": ""PM10""}}, {""id"": 12234769, ""name"": ""pm25 µg/m³"", ""parameter"": {""id"": 2, ""name"": ""pm25"", ""units"": ""µg/m³"", ""displayName"": ""PM2.5""}}, {""id"": 12234770, ""name"": ""relativehumidity %"", ""parameter"": {""id"": 98, ""name"": ""relativehumidity"", ""units"": ""%"", ""displayName"": ""RH""}}, {""id"": 12234771, ""name"": ""so2 ppb"", ""parameter"": {""id"": 101, ""name"": ""so2"", ""units"": ""ppb"", ""displayName"": ""SO₂""}}, {""id"": 12234772, ""name"": ""temperature c"", ""parameter"": {""id"": 100, ""name"": ""temperature"", ""units"": ""c"", ""displayName"": ""Temperature (C)""}}, {""id"": 14340708, ""name"": ""wind_direction deg"", ""parameter"": {""id"": 22, ""name"": ""wind_direction"", ""units"": ""deg"", ""displayName"": ""Wind direction""}}, {""id"": 14340709, ""name"": ""wind_speed m/s"", ""parameter"": {""id"": 34, ""name"": ""wind_speed"", ""units"": ""m/s"", ""displayName"": ""Wind speed""}}]",True,True
DL035,"Sonia Vihar, Delhi - DPCC",Delhi,Delhi,28.65195,77.23149,Active,5759,"Sonia Vihar, Delhi - DPCC","[{""id"": 15568, ""name"": ""co µg/m³"", ""parameter"": {""id"": 4, ""name"": ""co"", ""units"": ""µg/m³"", ""displayName"": ""CO mass""}}, {""id"": 15567, ""name"": ""no2 µg/m³"", ""parameter"": {""id"": 5, ""name"": ""no2"", ""units"": ""µg/m³"", ""displayName"": ""NO₂ mass""}}, {""id"": 15566, ""name"": ""o3 µg/m³"", ""parameter"": {""id"": 3, ""name"": ""o3"", ""units"": ""µg/m³"", ""displayName"": ""O₃ mass""}}, {""id"": 15591, ""name"": ""pm10 µg/m³"", ""parameter"": {""id"": 1, ""name"": ""pm10"", ""units"": ""µg/m³"", ""displayName"": ""PM10""}}, {""id"": 15595, ""name"": ""pm25 µg/m³"", ""parameter"": {""id"": 2, ""name"": ""pm25"", ""units"": ""µg/m³"", ""displayName"": ""PM2.5""}}, {""id"": 15565, ""name"": ""so2 µg/m³"", ""parameter"": {""id"": 6, ""name"": ""so2"", ""units"": ""µg/m³"", ""displayName"": ""SO₂ mass""}}]",True,True
DL036,"Sri Aurobindo Marg, Delhi - DPCC",Delhi,Delhi,28.65195,77.23149,Active,10484,"Sri Aurobindo Marg, Delhi - DPCC","[{""id"": 12235307, ""name"": ""co ppb"", ""parameter"": {""id"": 102, ""name"": ""co"", ""units"": ""ppb"", ""displayName"": ""CO""}}, {""id"": 34761, ""name"": ""co µg/m³"", ""parameter"": {""id"": 4, ""name"": ""co"", ""units"": ""µg/m³"", ""displayName"": ""CO mass""}}, {""id"": 12235308, ""name"": ""no ppb"", ""parameter"": {""id"": 24, ""name"": ""no"", ""units"": ""ppb"", ""displayName"": ""NO""}}, {""id"": 34758, ""name"": ""no2 µg/m³"", ""parameter"": {""id"": 5, ""name"": ""no2"", ""units"": ""µg/m³"", ""displayName"": ""NO₂ mass""}}, {""id"": 12235309, ""name"": ""no2 ppb"", ""parameter"": {""id"": 15, ""name"": ""no2"", ""units"": ""ppb"", ""displayName"": ""NO₂""}}, {""id"": 14340814, ""name"": ""nox ppb"", ""parameter"": {""id"": 23, ""name"": ""nox"", ""units"": ""ppb"", ""displayName"": ""NOX""}}, {""id"": 12235310, ""name"": ""o3 µg/m³"", ""parameter"": {""id"": 3, ""name"": ""o3"", ""units"": ""µg/m³"", ""displayName"": ""O₃ mass""}}, {""id"": 34757, ""name"": ""o3 µg/m³"", ""parameter"": {""id"": 3, ""name"": ""o3"", ""units"": ""µg/m³"", ""displayName"": ""O₃ mass""}}, {""id"": 34781, ""name"": ""pm10 µg/m³"", ""parameter"": {""id"": 1, ""name"": ""pm10"", ""units"": ""µg/m³"", ""displayName"": ""PM10""}}, {""id"": 12235311, ""name"": ""pm10 µg/m³"", ""parameter"": {""id"": 1, ""name"": ""pm10"", ""units"": ""µg/m³"", ""displayName"": ""PM10""}}, {""id"": 34772, ""name"": ""pm25 µg/m³"", ""parameter"": {""id"": 2, ""name"": ""pm25"", ""units"": ""µg/m³"", ""displayName"": ""PM2.5""}}, {""id"": 12235312, ""name"": ""pm25 µg/m³"", ""parameter"": {""id"": 2, ""name"": ""pm25"", ""units"": ""µg/m³"", ""displayName"": ""PM2.5""}}, {""id"": 12235313, ""name"": ""relativehumidity %"", ""parameter"": {""id"": 98, ""name"": ""relativehumidity"", ""units"": ""%"", ""displayName"": ""RH""}}, {""id"": 12235314, ""name"": ""so2 ppb"", ""parameter"": {""id"": 101, ""name"": ""so2"", ""units"": ""ppb"", ""displayName"": ""SO₂""}}, {""id"": 34759, ""name"": ""so2 µg/m³"", ""parameter"": {""id"": 6, ""name"": ""so2"", ""units"": ""µg/m³"", ""displayName"": ""SO₂ mass""}}, {""id"": 12235315, ""name"": ""temperature c"", ""parameter"": {""id"": 100, ""name"": ""temperature"", ""units"": ""c"", ""displayName"": ""Temperature (C)""}}, {""id"": 14340815, ""name"": ""wind_direction deg"", ""parameter"": {""id"": 22, ""name"": ""wind_direction"", ""units"": ""deg"", ""displayName"": ""Wind direction""}}, {""id"": 14340816, ""name"": ""wind_speed m/s"", ""parameter"": {""id"": 34, ""name"": ""wind_speed"", ""units"": ""m/s"", ""displayName"": ""Wind speed""}}]",True,True
DL037,"Vivek Vihar, Delhi - DPCC",Delhi,Delhi,28.65195,77.23149,Active,5753,"Vivek Vihar, Delhi - DPCC","[{""id"": 15545, ""name"": ""co µg/m³"", ""parameter"": {""id"": 4, ""name"": ""co"", ""units"": ""µg/m³"", ""displayName"": ""CO mass""}}, {""id"": 15544, ""name"": ""no2 µg/m³"", ""parameter"": {""id"": 5, ""name"": ""no2"", ""units"": ""µg/m³"", ""displayName"": ""NO₂ mass""}}, {""id"": 15543, ""name"": ""o3 µg/m³"", ""parameter"": {""id"": 3, ""name"": ""o3"", ""units"": ""µg/m³"", ""displayName"": ""O₃ mass""}}, {""id"": 15615, ""name"": ""pm10 µg/m³"", ""parameter"": {""id"": 1, ""name"": ""pm10"", ""units"": ""µg/m³"", ""displayName"": ""PM10""}}, {""id"": 15604, ""name"": ""pm25 µg/m³"", ""parameter"": {""id"": 2, ""name"": ""pm25"", ""units"": ""µg/m³"", ""displayName"": ""PM2.5""}}, {""id"": 15546, ""name"": ""so2 µg/m³"", ""parameter"": {""id"": 6, ""name"": ""so2"", ""units"": ""µg/m³"", ""displayName"": ""SO₂ mass""}}]",True,True
DL038,"Wazirpur, Delhi - DPCC",Delhi,Delhi,28.65195,77.23149,Active,8915,"Wazirpur, Delhi - DPCC","[{""id"": 34728, ""name"": ""co µg/m³"", ""parameter"": {""id"": 4, ""name"": ""co"", ""units"": ""µg/m³"", ""displayName"": ""CO mass""}}, {""id"": 12235119, ""name"": ""co ppb"", ""parameter"": {""id"": 102, ""name"": ""co"", ""units"": ""ppb"", ""displayName"": ""CO""}}, {""id"": 12235120, ""name"": ""no ppb"", ""parameter"": {""id"": 24, ""name"": ""no"", ""units"": ""ppb"", ""displayName"": ""NO""}}, {""id"": 34732, ""name"": ""no2 µg/m³"", ""parameter"": {""id"": 5, ""name"": ""no2"", ""units"": ""µg/m³"", ""displayName"": ""NO₂ mass""}}, {""id"": 12235121, ""name"": ""no2 ppb"", ""parameter"": {""id"": 15, ""name"": ""no2"", ""units"": ""ppb"", ""displayName"": ""NO₂""}}, {""id"": 14340775, ""name"": ""nox ppb"", ""parameter"": {""id"": 23, ""name"": ""nox"", ""units"": ""ppb"", ""displayName"": ""NOX""}}, {""id"": 12235122, ""name"": ""o3 µg/m³"", ""parameter"": {""id"": 3, ""name"": ""o3"", ""units"": ""µg/m³"", ""displayName"": ""O₃ mass""}}, {""id"": 34730, ""name"": ""o3 µg/m³"", ""parameter"": {""id"": 3, ""name"": ""o3"", ""units"": ""µg/m³"", ""displayName"": ""O₃ mass""}}, {""id"": 26026, ""name"": ""pm10 µg/m³"", ""parameter"": {""id"": 1, ""name"": ""pm10"", ""units"": ""µg/m³"", ""displayName"": ""PM10""}}, {""id"": 12235123, ""name"": ""pm10 µg/m³"", ""parameter"": {""id"": 1, ""name"": ""pm10"", ""units"": ""µg/m³"", ""displayName"": ""PM10""}}, {""id"": 34731, ""name"": ""pm25 µg/m³"", ""parameter"": {""id"": 2, ""name"": ""pm25"", ""units"": ""µg/m³"", ""displayName"": ""PM2.5""}}, {""id"": 12235124, ""name"": ""pm25 µg/m³"", ""parameter"": {""id"": 2, ""name"": ""pm25"", ""units"": ""µg/m³"", ""displayName"": ""PM2.5""}}, {""id"": 12235125, ""name"": ""relativehumidity %"", ""parameter"": {""id"": 98, ""name"": ""relativehumidity"", ""units"": ""%"", ""displayName"": ""RH""}}, {""id"": 34729, ""name"": ""so2 µg/m³"", ""parameter"": {""id"": 6, ""name"": ""so2"", ""units"": ""µg/m³"", ""displayName"": ""SO₂ mass""}}, {""id"": 12235126, ""name"": ""so2 ppb"", ""parameter"": {""id"": 101, ""name"": ""so2"", ""units"": ""ppb"", ""displayName"": ""SO₂""}}, {""id"": 12235127, ""name"": ""temperature c"", ""parameter"": {""id"": 100, ""name"": ""temperature"", ""units"": ""c"", ""displayName"": ""Temperature (C)""}}, {""id"": 14340776, ""name"": ""wind_direction deg"", ""parameter"": {""id"": 22, ""name"": ""wind_direction"", ""units"": ""deg"", ""displayName"": ""Wind direction""}}, {""id"": 14340777, ""name"": ""wind_speed m/s"", ""parameter"": {""id"": 34, ""name"": ""wind_speed"", ""units"": ""m/s"", ""displayName"": ""Wind speed""}}]",True,True
KL002,"Kacheripady, Ernakulam - Kerala PCB",Ernakulam,Kerala,9.93988,76.26022,,10916,"Kacheripady, Ernakulam - Kerala PCB","[{""id"": 36636, ""name"": ""co µg/m³"", ""parameter"": {""id"": 4, ""name"": ""co"", ""units"": ""µg/m³"", ""displayName"": ""CO mass""}}, {""id"": 36631, ""name"": ""no2 µg/m³"", ""parameter"": {""id"": 5, ""name"": ""no2"", ""units"": ""µg/m³"", ""displayName"": ""NO₂ mass""}}, {""id"": 36630, ""name"": ""pm10 µg/m³"", ""parameter"": {""id"": 1, ""name"": ""pm10"", ""units"": ""µg/m³"", ""displayName"": ""PM10""}}, {""id"": 36626, ""name"": ""pm25 µg/m³"", ""parameter"": {""id"": 2, ""name"": ""pm25"", ""units"": ""µg/m³"", ""displayName"": ""PM2.5""}}, {""id"": 36625, ""name"": ""so2 µg/m³"", ""parameter"": {""id"": 6, ""name"": ""so2"", ""units"": ""µg/m³"", ""displayName"": ""SO₂ mass""}}]",True,True
HR011,"NISE Gwal Pahari, Gurugram - IMD",Gurugram,Haryana,28.4601,77.02635,Active,6314,"NISE Gwal Pahari, Gurugram - IMD","[{""id"": 17561, ""name"": ""co µg/m³"", ""parameter"": {""id"": 4, ""name"": ""co"", ""units"": ""µg/m³"", ""displayName"": ""CO mass""}}, {""id"": 17562, ""name"": ""no2 µg/m³"", ""parameter"": {""id"": 5, ""name"": ""no2"", ""units"": ""µg/m³"", ""displayName"": ""NO₂ mass""}}, {""id"": 17563, ""name"": ""pm10 µg/m³"", ""parameter"": {""id"": 1, ""name"": ""pm10"", ""units"": ""µg/m³"", ""displayName"": ""PM10""}}, {""id"": 17564, ""name"": ""pm25 µg/m³"", ""parameter"": {""id"": 2, ""name"": ""pm25"", ""units"": ""µg/m³"", ""displayName"": ""PM2.5""}}]",True,True
HR012,"Sector-51, Gurugram - HSPCB",Gurugram,Haryana,28.4601,77.02635,Active,10825,"Sector-51, Gurugram - HSPCB","[{""id"": 36177, ""name"": ""co µg/m³"", ""parameter"": {""id"": 4, ""name"": ""co"", ""units"": ""µg/m³"", ""displayName"": ""CO mass""}}, {""id"": 12236254, ""name"": ""co ppb"", ""parameter"": {""id"": 102, ""name"": ""co"", ""units"": ""ppb"", ""displayName"": ""CO""}}, {""id"": 12236255, ""name"": ""no ppb"", ""parameter"": {""id"": 24, ""name"": ""no"", ""units"": ""ppb"", ""displayName"": ""NO""}}, {""id"": 36178, ""name"": ""no2 µg/m³"", ""parameter"": {""id"": 5, ""name"": ""no2"", ""units"": ""µg/m³"", ""displayName"": ""NO₂ mass""}}, {""id"": 12236256, ""name"": ""no2 ppb"", ""parameter"": {""id"": 15, ""name"": ""no2"", ""units"": ""ppb"", ""displayName"": ""NO₂""}}, {""id"": 14342035, ""name"": ""nox ppb"", ""parameter"": {""id"": 23, ""name"": ""nox"", ""units"": ""ppb"", ""displayName"": ""NOX""}}, {""id"": 12236257, ""name"": ""o3 µg/m³"", ""parameter"": {""id"": 3, ""name"": ""o3"", ""units"": ""µg/m³"", ""displayName"": ""O₃ mass""}}, {""id"": 36179, ""name"": ""o3 µg/m³"", ""parameter"": {""id"": 3, ""name"": ""o3"", ""units"": ""µg/m³"", ""displayName"": ""O₃ mass""}}, {""id"": 36180, ""name"": ""pm10 µg/m³"", ""parameter"": {""id"": 1, ""name"": ""pm10"", ""units"": ""µg/m³"", ""displayName"": ""PM10""}}, {""id"": 12236258, ""name"": ""pm10 µg/m³"", ""parameter"": {""id"": 1, ""name"": ""pm10"", ""units"": ""µg/m³"", ""displayName"": ""PM10""}}, {""id"": 12236259, ""name"": ""pm25 µg/m³"", ""parameter"": {""id"": 2, ""name"": ""pm25"", ""units"": ""µg/m³"", ""displayName"": ""PM2.5""}}, {""id"": 36181, ""name"": ""pm25 µg/m³"", ""parameter"": {""id"": 2, ""name"": ""pm25"", ""units"": ""µg/m³"", ""displayName"": ""PM2.5""}}, {""id"": 12236260, ""name"": ""relativehumidity %"", ""parameter"": {""id"": 98, ""name"": ""relativehumidity"", ""units"": ""%"", ""displayName"": ""RH""}}, {""id"": 36182, ""name"": ""so2 µg/m³"", ""parameter"": {""id"": 6, ""name"": ""so2"", ""units"": ""µg/m³"", ""displayName"": ""SO₂ mass""}}, {""id"": 12236261, ""name"": ""so2 ppb"", ""parameter"": {""id"": 101, ""name"": ""so2"", ""units"": ""ppb"", ""displayName"": ""SO₂""}}, {""id"": 12236262, ""name"": ""temperature c"", ""parameter"": {""id"": 100, ""name"": ""temperature"", ""units"": ""c"", ""displayName"": ""Temperature (C)""}}, {""id"": 14342036, ""name"": ""wind_direction deg"", ""parameter"": {""id"": 22, ""name"": ""wind_direction"", ""units"": ""deg"", ""displayName"": ""Wind direction""}}, {""id"": 14342037, ""name"": ""wind_speed m/s"", ""parameter"": {""id"": 34, ""name"": ""wind_speed"", ""units"": ""m/s"", ""displayName"": ""Wind speed""}}]",True,True
HR013,"Teri Gram, Gurugram - HSPCB",Gurugram,Haryana,28.4601,77.02635,Active,10900,"Teri Gram, Gurugram - HSPCB","[{""id"": 36534, ""name"": ""co µg/m³"", ""parameter"": {""id"": 4, ""name"": ""co"", ""units"": ""µg/m³"", ""displayName"": ""CO mass""}}, {""id"": 14516015, ""name"": ""co ppb"", ""parameter"": {""id"": 102, ""name"": ""co"", ""units"": ""ppb"", ""displayName"": ""CO""}}, {""id"": 14728527, ""name"": ""no ppb"", ""parameter"": {""id"": 24, ""name"": ""no"", ""units"": ""ppb"", ""displayName"": ""NO""}}, {""id"": 36535, ""name"": ""no2 µg/m³"", ""parameter"": {""id"": 5, ""name"": ""no2"", ""units"": ""µg/m³"", ""displayName"": ""NO₂ mass""}}, {""id"": 14573420, ""name"": ""no2 ppb"", ""parameter"": {""id"": 15, ""name"": ""no2"", ""units"": ""ppb"", ""displayName"": ""NO₂""}}, {""id"": 14728528, ""name"": ""nox ppb"", ""parameter"": {""id"": 23, ""name"": ""nox"", ""units"": ""ppb"", ""displayName"": ""NOX""}}, {""id"": 36536, ""name"": ""o3 µg/m³"", ""parameter"": {""id"": 3, ""name"": ""o3"", ""units"": ""µg/m³"", ""displayName"": ""O₃ mass""}}, {""id"": 12236249, ""name"": ""o3 µg/m³"", ""parameter"": {""id"": 3, ""name"": ""o3"", ""units"": ""µg/m³"", ""displayName"": ""O₃ mass""}}, {""id"": 36538, ""name"": ""pm10 µg/m³"", ""parameter"": {""id"": 1, ""name"": ""pm10"", ""units"": ""µg/m³"", ""displayName"": ""PM10""}}, {""id"": 12236250, ""name"": ""pm10 µg/m³"", ""parameter"": {""id"": 1, ""name"": ""pm10"", ""units"": ""µg/m³"", ""displayName"": ""PM10""}}, {""id"": 36539, ""name"": ""pm25 µg/m³"", ""parameter"": {""id"": 2, ""name"": ""pm25"", ""units"": ""µg/m³"", ""displayName"": ""PM2.5""}}, {""id"": 12236251, ""name"": ""pm25 µg/m³"", ""parameter"": {""id"": 2, ""name"": ""pm25"", ""units"": ""µg/m³"", ""displayName"": ""PM2.5""}}, {""id"": 12236252, ""name"": ""relativehumidity %"", ""parameter"": {""id"": 98, ""name"": ""relativehumidity"", ""units"": ""%"", ""displayName"": ""RH""}}, {""id"": 36540, ""name"": ""so2 µg/m³"", ""parameter"": {""id"": 6, ""name"": ""so2"", ""units"": ""µg/m³"", ""displayName"": ""SO₂ mass""}}, {""id"": 14516016, ""name"": ""so2 ppb"", ""parameter"": {""id"": 101, ""name"": ""so2"", ""units"": ""ppb"", ""displayName"": ""SO₂""}}, {""id"": 12236253, ""name"": ""temperature c"", ""parameter"": {""id"": 100, ""name"": ""temperature"", ""units"": ""c"", ""displayName"": ""Temperature (C)""}}, {""id"": 14340983, ""name"": ""wind_direction deg"", ""parameter"": {""id"": 22, ""name"": ""wind_direction"", ""units"": ""deg"", ""displayName"": ""Wind direction""}}, {""id"": 14340984, ""name"": ""wind_speed m/s"", ""parameter"": {""id"": 34, ""name"": ""wind_speed"", ""units"": ""m/s"", ""displayName"": ""Wind speed""}}]",True,True
HR014,"Vikas Sadan, Gurugram - HSPCB",Gurugram,Haryana,28.4601,77.02635,Active,301,"Vikas Sadan, Gurugram - HSPCB","[{""id"": 14258983, ""name"": ""co ppb"", ""parameter"": {""id"": 102, ""name"": ""co"", ""units"": ""ppb"", ""displayName"": ""CO""}}, {""id"": 5396, ""name"": ""co µg/m³"", ""parameter"": {""id"": 4, ""name"": ""co"", ""units"": ""µg/m³"", ""displayName"": ""CO mass""}}, {""id"": 14258984, ""name"": ""no ppb"", ""parameter"": {""id"": 24, ""name"": ""no"", ""units"": ""ppb"", ""displayName"": ""NO""}}, {""id"": 14258985, ""name"": ""no2 ppb"", ""parameter"": {""id"": 15, ""name"": ""no2"", ""units"": ""ppb"", ""displayName"": ""NO₂""}}, {""id"": 5409, ""name"": ""no2 µg/m³"", ""parameter"": {""id"": 5, ""name"": ""no2"", ""units"": ""µg/m³"", ""displayName"": ""NO₂ mass""}}, {""id"": 14341789, ""name"": ""nox ppb"", ""parameter"": {""id"": 23, ""name"": ""nox"", ""units"": ""ppb"", ""displayName"": ""NOX""}}, {""id"": 14258986, ""name"": ""o3 µg/m³"", ""parameter"": {""id"": 3, ""name"": ""o3"", ""units"": ""µg/m³"", ""displayName"": ""O₃ mass""}}, {""id"": 5407, ""name"": ""o3 µg/m³"", ""parameter"": {""id"": 3, ""name"": ""o3"", ""units"": ""µg/m³"", ""displayName"": ""O₃ mass""}}, {""id"": 506, ""name"": ""pm10 µg/m³"", ""parameter"": {""id"": 1, ""name"": ""pm10"", ""units"": ""µg/m³"", ""displayName"": ""PM10""}}, {""id"": 14258987, ""name"": ""pm10 µg/m³"", ""parameter"": {""id"": 1, ""name"": ""pm10"", ""units"": ""µg/m³"", ""displayName"": ""PM10""}}, {""id"": 14258988, ""name"": ""pm25 µg/m³"", ""parameter"": {""id"": 2, ""name"": ""pm25"", ""units"": ""µg/m³"", ""displayName"": ""PM2.5""}}, {""id"": 1166, ""name"": ""pm25 µg/m³"", ""parameter"": {""id"": 2, ""name"": ""pm25"", ""units"": ""µg/m³"", ""displayName"": ""PM2.5""}}, {""id"": 14258989, ""name"": ""relativehumidity %"", ""parameter"": {""id"": 98, ""name"": ""relativehumidity"", ""units"": ""%"", ""displayName"": ""RH""}}, {""id"": 5405, ""name"": ""so2 µg/m³"", ""parameter"": {""id"": 6, ""name"": ""so2"", ""units"": ""µg/m³"", ""displayName"": ""SO₂ mass""}}, {""id"": 14258990, ""name"": ""so2 ppb"", ""parameter"": {""id"": 101, ""name"": ""so2"", ""units"": ""ppb"", ""displayName"": ""SO₂""}}, {""id"": 14258991, ""name"": ""temperature c"", ""parameter"": {""id"": 100, ""name"": ""temperature"", ""units"": ""c"", ""displayName"": ""Temperature (C)""}}, {""id"": 14341790, ""name"": ""wind_direction deg"", ""parameter"": {""id"": 22, ""name"": ""wind_direction"", ""units"": ""deg"", ""displayName"": ""Wind direction""}}, {""id"": 14341791, ""name"": ""wind_speed m/s"", ""parameter"": {""id"": 34, ""name"": ""wind_speed"", ""units"": ""m/s"", ""displayName"": ""Wind speed""}}]",True,True
AS001,"Railway Colony, Guwahati - APCB",Guwahati,Assam,26.1844,91.7458,Active,6941,"Railway Colony, Guwahati - APCB","[{""id"": 20146, ""name"": ""co µg/m³"", ""parameter"": {""id"": 4, ""name"": ""co"", ""units"": ""µg/m³"", ""displayName"": ""CO mass""}}, {""id"": 20149, ""name"": ""no2 µg/m³"", ""parameter"": {""id"": 5, ""name"": ""no2"", ""units"": ""µg/m³"", ""displayName"": ""NO₂ mass""}}, {""id"": 20151, ""name"": ""o3 µg/m³"", ""parameter"": {""id"": 3, ""name"": ""o3"", ""units"": ""µg/m³"", ""displayName"": ""O₃ mass""}}, {""id"": 19955, ""name"": ""pm10 µg/m³"", ""parameter"": {""id"": 1, ""name"": ""pm10"", ""units"": ""µg/m³"", ""displayName"": ""PM10""}}, {""id"": 19960, ""name"": ""pm25 µg/m³"", ""parameter"": {""id"": 2, ""name"": ""pm25"", ""units"": ""µg/m³"", ""displayName"": ""PM2.5""}}, {""id"": 19962, ""name"": ""so2 µg/m³"", ""parameter"": {""id"": 6, ""name"": ""so2"", ""units"": ""µg/m³"", ""displayName"": ""SO₂ mass""}}]",True,True
TG001,"Bollaram Industrial Area, Hyderabad - TSPCB",Hyderabad,Telangana,17.38405,78.45636,Active,5599,"Bollaram Industrial Area, Hyderabad - TSPCB","[{""id"": 14820, ""name"": ""co µg/m³"", ""parameter"": {""id"": 4, ""name"": ""co"", ""units"": ""µg/m³"", ""displayName"": ""CO mass""}}, {""id"": 12235395, ""name"": ""co ppb"", ""parameter"": {""id"": 102, ""name"": ""co"", ""units"": ""ppb"", ""displayName"": ""CO""}}, {""id"": 12235396, ""name"": ""no ppb"", ""parameter"": {""id"": 24, ""name"": ""no"", ""units"": ""ppb"", ""displayName"": ""NO""}}, {""id"": 12235397, ""name"": ""no2 ppb"", ""parameter"": {""id"": 15, ""name"": ""no2"", ""units"": ""ppb"", ""displayName"": ""NO₂""}}, {""id"": 14842, ""name"": ""no2 µg/m³"", ""parameter"": {""id"": 5, ""name"": ""no2"", ""units"": ""µg/m³"", ""displayName"": ""NO₂ mass""}}, {""id"": 14340833, ""name"": ""nox ppb"", ""parameter"": {""id"": 23, ""name"": ""nox"", ""units"": ""ppb"", ""displayName"": ""NOX""}}, {""id"": 14843, ""name"": ""o3 µg/m³"", ""parameter"": {""id"": 3, ""name"": ""o3"", ""units"": ""µg/m³"", ""displayName"": ""O₃ mass""}}, {""id"": 12235398, ""name"": ""o3 µg/m³"", ""parameter"": {""id"": 3, ""name"": ""o3"", ""units"": ""µg/m³"", ""displayName"": ""O₃ mass""}}, {""id"": 12235399, ""name"": ""pm10 µg/m³"", ""parameter"": {""id"": 1, ""name"": ""pm10"", ""units"": ""µg/m³"", ""displayName"": ""PM10""}}, {""id"": 14813, ""name"": ""pm10 µg/m³"", ""parameter"": {""id"": 1, ""name"": ""pm10"", ""units"": ""µg/m³"", ""displayName"": ""PM10""}}, {""id"": 12235400, ""name"": ""pm25 µg/m³"", ""parameter"": {""id"": 2, ""name"": ""pm25"", ""units"": ""µg/m³"", ""displayName"": ""PM2.5""}}, {""id"": 15217, ""name"": ""pm25 µg/m³"", ""parameter"": {""id"": 2, ""name"": ""pm25"", ""units"": ""µg/m³"", ""displayName"": ""PM2.5""}}, {""id"": 12235401, ""name"": ""relativehumidity %"", ""parameter"": {""id"": 98, ""name"": ""relativehumidity"", ""units"": ""%"", ""displayName"": ""RH""}}, {""id"": 15221, ""name"": ""so2 µg/m³"", ""parameter"": {""id"": 6, ""name"": ""so2"", ""units"": ""µg/m³"", ""displayName"": ""SO₂ mass""}}, {""id"": 12235402, ""name"": ""so2 ppb"", ""parameter"": {""id"": 101, ""name"": ""so2"", ""units"": ""ppb"", ""displayName"": ""SO₂""}}, {""id"": 12235403, ""name"": ""temperature c"", ""parameter"": {""id"": 100, ""name"": ""temperature"", ""units"": ""c"", ""displayName"": ""Temperature (C)""}}, {""id"": 14340834, ""name"": ""wind_direction deg"", ""parameter"": {""id"": 22, ""name"": ""wind_direction"", ""units"": ""deg"", ""displayName"": ""Wind direction""}}, {""id"": 14340835, ""name"": ""wind_speed m/s"", ""parameter"": {""id"": 34, ""name"": ""wind_speed"", ""units"": ""m/s"", ""displayName"": ""Wind speed""}}]",True,True
TG002,"Central University, Hyderabad - TSPCB",Hyderabad,Telangana,17.38405,78.45636,Active,5623,"Central University, Hyderabad - TSPCB","[{""id"": 12242116, ""name"": ""co ppb"", ""parameter"": {""id"": 102, ""name"": ""co"", ""units"": ""ppb"", ""displayName"": ""CO""}}, {""id"": 15193, ""name"": ""co µg/m³"", ""parameter"": {""id"": 4, ""name"": ""co"", ""units"": ""µg/m³"", ""displayName"": ""CO mass""}}, {""id"": 12242117, ""name"": ""no ppb"", ""parameter"": {""id"": 24, ""name"": ""no"", ""units"": ""ppb"", ""displayName"": ""NO""}}, {""id"": 12242118, ""name"": ""no2 ppb"", ""parameter"": {""id"": 15, ""name"": ""no2"", ""units"": ""ppb"", ""displayName"": ""NO₂""}}, {""id"": 14918, ""name"": ""no2 µg/m³"", ""parameter"": {""id"": 5, ""name"": ""no2"", ""units"": ""µg/m³"", ""displayName"": ""NO₂ mass""}}, {""id"": 14340845, ""name"": ""nox ppb"", ""parameter"": {""id"": 23, ""name"": ""nox"", ""units"": ""ppb"", ""displayName"": ""NOX""}}, {""id"": 12242119, ""name"": ""o3 µg/m³"", ""parameter"": {""id"": 3, ""name"": ""o3"", ""units"": ""µg/m³"", ""displayName"": ""O₃ mass""}}, {""id"": 15034, ""name"": ""o3 µg/m³"", ""parameter"": {""id"": 3, ""name"": ""o3"", ""units"": ""µg/m³"", ""displayName"": ""O₃ mass""}}, {""id"": 12242120, ""name"": ""pm10 µg/m³"", ""parameter"": {""id"": 1, ""name"": ""pm10"", ""units"": ""µg/m³"", ""displayName"": ""PM10""}}, {""id"": 15046, ""name"": ""pm10 µg/m³"", ""parameter"": {""id"": 1, ""name"": ""pm10"", ""units"": ""µg/m³"", ""displayName"": ""PM10""}}, {""id"": 12242121, ""name"": ""pm25 µg/m³"", ""parameter"": {""id"": 2, ""name"": ""pm25"", ""units"": ""µg/m³"", ""displayName"": ""PM2.5""}}, {""id"": 15178, ""name"": ""pm25 µg/m³"", ""parameter"": {""id"": 2, ""name"": ""pm25"", ""units"": ""µg/m³"", ""displayName"": ""PM2.5""}}, {""id"": 12242122, ""name"": ""relativehumidity %"", ""parameter"": {""id"": 98, ""name"": ""relativehumidity"", ""units"": ""%"", ""displayName"": ""RH""}}, {""id"": 12242123, ""name"": ""so2 ppb"", ""parameter"": {""id"": 101, ""name"": ""so2"", ""units"": ""ppb"", ""displayName"": ""SO₂""}}, {""id"": 15167, ""name"": ""so2 µg/m³"", ""parameter"": {""id"": 6, ""name"": ""so2"", ""units"": ""µg/m³"", ""displayName"": ""SO₂ mass""}}, {""id"": 12242124, ""name"": ""temperature c"", ""parameter"": {""id"": 100, ""name"": ""temperature"", ""units"": ""c"", ""displayName"": ""Temperature (C)""}}, {""id"": 14340846, ""name"": ""wind_direction deg"", ""parameter"": {""id"": 22, ""name"": ""wind_direction"", ""units"": ""deg"", ""displayName"": ""Wind direction""}}, {""id"": 14340847, ""name"": ""wind_speed m/s"", ""parameter"": {""id"": 34, ""name"": ""wind_speed"", ""units"": ""m/s"", ""displayName"": ""Wind speed""}}]",True,True
TG003,"ICRISAT Patancheru, Hyderabad - TSPCB",Hyderabad,Telangana,17.38405,78.45636,Active,5645,"ICRISAT Patancheru, Hyderabad - TSPCB","[{""id"": 15037, ""name"": ""co µg/m³"", ""parameter"": {""id"": 4, ""name"": ""co"", ""units"": ""µg/m³"", ""displayName"": ""CO mass""}}, {""id"": 12235404, ""name"": ""co ppb"", ""parameter"": {""id"": 102, ""name"": ""co"", ""units"": ""ppb"", ""displayName"": ""CO""}}, {""id"": 12235405, ""name"": ""no ppb"", ""parameter"": {""id"": 24, ""name"": ""no"", ""units"": ""ppb"", ""displayName"": ""NO""}}, {""id"": 12235406, ""name"": ""no2 ppb"", ""parameter"": {""id"": 15, ""name"": ""no2"", ""units"": ""ppb"", ""displayName"": ""NO₂""}}, {""id"": 15173, ""name"": ""no2 µg/m³"", ""parameter"": {""id"": 5, ""name"": ""no2"", ""units"": ""µg/m³"", ""displayName"": ""NO₂ mass""}}, {""id"": 14340836, ""name"": ""nox ppb"", ""parameter"": {""id"": 23, ""name"": ""nox"", ""units"": ""ppb"", ""displayName"": ""NOX""}}, {""id"": 12235407, ""name"": ""o3 µg/m³"", ""parameter"": {""id"": 3, ""name"": ""o3"", ""units"": ""µg/m³"", ""displayName"": ""O₃ mass""}}, {""id"": 15188, ""name"": ""o3 µg/m³"", ""parameter"": {""id"": 3, ""name"": ""o3"", ""units"": ""µg/m³"", ""displayName"": ""O₃ mass""}}, {""id"": 12235408, ""name"": ""pm10 µg/m³"", ""parameter"": {""id"": 1, ""name"": ""pm10"", ""units"": ""µg/m³"", ""displayName"": ""PM10""}}, {""id"": 15267, ""name"": ""pm10 µg/m³"", ""parameter"": {""id"": 1, ""name"": ""pm10"", ""units"": ""µg/m³"", ""displayName"": ""PM10""}}, {""id"": 15254, ""name"": ""pm25 µg/m³"", ""parameter"": {""id"": 2, ""name"": ""pm25"", ""units"": ""µg/m³"", ""displayName"": ""PM2.5""}}, {""id"": 12235409, ""name"": ""pm25 µg/m³"", ""parameter"": {""id"": 2, ""name"": ""pm25"", ""units"": ""µg/m³"", ""displayName"": ""PM2.5""}}, {""id"": 12235410, ""name"": ""relativehumidity %"", ""parameter"": {""id"": 98, ""name"": ""relativehumidity"", ""units"": ""%"", ""displayName"": ""RH""}}, {""id"": 12235411, ""name"": ""so2 ppb"", ""parameter"": {""id"": 101, ""name"": ""so2"", ""units"": ""ppb"", ""displayName"": ""SO₂""}}, {""id"": 15233, ""name"": ""so2 µg/m³"", ""parameter"": {""id"": 6, ""name"": ""so2"", ""units"": ""µg/m³"", ""displayName"": ""SO₂ mass""}}, {""id"": 12235412, ""name"": ""temperature c"", ""parameter"": {""id"": 100, ""name"": ""temperature"", ""units"": ""c"", ""displayName"": ""Temperature (C)""}}, {""id"": 14340837, ""name"": ""wind_direction deg"", ""parameter"": {""id"": 22, ""name"": ""wind_direction"", ""units"": ""deg"", ""displayName"": ""Wind direction""}}, {""id"": 14340838, ""name"": ""wind_speed m/s"", ""parameter"": {""id"": 34, ""name"": ""wind_speed"", ""units"": ""m/s"", ""displayName"": ""Wind speed""}}]",True,True
TG004,"IDA Pashamylaram, Hyderabad - TSPCB",Hyderabad,Telangana,17.38405,78.45636,Active,5624,"IDA Pashamylaram, Hyderabad - TSPCB","[{""id"": 12235500, ""name"": ""co ppb"", ""parameter"": {""id"": 102, ""name"": ""co"", ""units"": ""ppb"", ""displayName"": ""CO""}}, {""id"": 15228, ""name"": ""co µg/m³"", ""parameter"": {""id"": 4, ""name"": ""co"", ""units"": ""µg/m³"", ""displayName"": ""CO mass""}}, {""id"": 12235501, ""name"": ""no ppb"", ""parameter"": {""id"": 24, ""name"": ""no"", ""units"": ""ppb"", ""displayName"": ""NO""}}, {""id"": 15226, ""name"": ""no2 µg/m³"", ""parameter"": {""id"": 5, ""name"": ""no2"", ""units"": ""µg/m³"", ""displayName"": ""NO₂ mass""}}, {""id"": 12235502, ""name"": ""no2 ppb"", ""parameter"": {""id"": 15, ""name"": ""no2"", ""units"": ""ppb"", ""displayName"": ""NO₂""}}, {""id"": 14341845, ""name"": ""nox ppb"", ""parameter"": {""id"": 23, ""name"": ""nox"", ""units"": ""ppb"", ""displayName"": ""NOX""}}, {""id"": 12235503, ""name"": ""o3 µg/m³"", ""parameter"": {""id"": 3, ""name"": ""o3"", ""units"": ""µg/m³"", ""displayName"": ""O₃ mass""}}, {""id"": 15220, ""name"": ""o3 µg/m³"", ""parameter"": {""id"": 3, ""name"": ""o3"", ""units"": ""µg/m³"", ""displayName"": ""O₃ mass""}}, {""id"": 12235504, ""name"": ""pm10 µg/m³"", ""parameter"": {""id"": 1, ""name"": ""pm10"", ""units"": ""µg/m³"", ""displayName"": ""PM10""}}, {""id"": 15230, ""name"": ""pm10 µg/m³"", ""parameter"": {""id"": 1, ""name"": ""pm10"", ""units"": ""µg/m³"", ""displayName"": ""PM10""}}, {""id"": 15213, ""name"": ""pm25 µg/m³"", ""parameter"": {""id"": 2, ""name"": ""pm25"", ""units"": ""µg/m³"", ""displayName"": ""PM2.5""}}, {""id"": 12235505, ""name"": ""pm25 µg/m³"", ""parameter"": {""id"": 2, ""name"": ""pm25"", ""units"": ""µg/m³"", ""displayName"": ""PM2.5""}}, {""id"": 12235506, ""name"": ""relativehumidity %"", ""parameter"": {""id"": 98, ""name"": ""relativehumidity"", ""units"": ""%"", ""displayName"": ""RH""}}, {""id"": 12235507, ""name"": ""so2 ppb"", ""parameter"": {""id"": 101, ""name"": ""so2"", ""units"": ""ppb"", ""displayName"": ""SO₂""}}, {""id"": 14928, ""name"": ""so2 µg/m³"", ""parameter"": {""id"": 6, ""name"": ""so2"", ""units"": ""µg/m³"", ""displayName"": ""SO₂ mass""}}, {""id"": 12235508, ""name"": ""temperature c"", ""parameter"": {""id"": 100, ""name"": ""temperature"", ""units"": ""c"", ""displayName"": ""Temperature (C)""}}, {""id"": 14341846, ""name"": ""wind_direction deg"", ""parameter"": {""id"": 22, ""name"": ""wind_direction"", ""units"": ""deg"", ""displayName"": ""Wind direction""}}, {""id"": 14341847, ""name"": ""wind_speed m/s"", ""parameter"": {""id"": 34, ""name"": ""wind_speed"", ""units"": ""m/s"", ""displayName"": ""Wind speed""}}]",True,True
TG005,"Sanathnagar, Hyderabad - TSPCB",Hyderabad,Telangana,17.38405,78.45636,Active,2594,"Sanathnagar, Hyderabad - TSPCB","[{""id"": 5387, ""name"": ""co µg/m³"", ""parameter"": {""id"": 4, ""name"": ""co"", ""units"": ""µg/m³"", ""displayName"": ""CO mass""}}, {""id"": 5389, ""name"": ""o3 µg/m³"", ""parameter"": {""id"": 3, ""name"": ""o3"", ""units"": ""µg/m³"", ""displayName"": ""O₃ mass""}}, {""id"": 9127, ""name"": ""pm25 µg/m³"", ""parameter"": {""id"": 2, ""name"": ""pm25"", ""units"": ""µg/m³"", ""displayName"": ""PM2.5""}}, {""id"": 9128, ""name"": ""so2 µg/m³"", ""parameter"": {""id"": 6, ""name"": ""so2"", ""units"": ""µg/m³"", ""displayName"": ""SO₂ mass""}}]",True,True
TG006,"Zoo Park, Hyderabad - TSPCB",Hyderabad,Telangana,17.38405,78.45636,Active,407,"Zoo Park, Hyderabad - TSPCB","[{""id"": 12235578, ""name"": ""co ppb"", ""parameter"": {""id"": 102, ""name"": ""co"", ""units"": ""ppb"", ""displayName"": ""CO""}}, {""id"": 710, ""name"": ""co µg/m³"", ""parameter"": {""id"": 4, ""name"": ""co"", ""units"": ""µg/m³"", ""displayName"": ""CO mass""}}, {""id"": 12235579, ""name"": ""no ppb"", ""parameter"": {""id"": 24, ""name"": ""no"", ""units"": ""ppb"", ""displayName"": ""NO""}}, {""id"": 12235580, ""name"": ""no2 ppb"", ""parameter"": {""id"": 15, ""name"": ""no2"", ""units"": ""ppb"", ""displayName"": ""NO₂""}}, {""id"": 712, ""name"": ""no2 µg/m³"", ""parameter"": {""id"": 5, ""name"": ""no2"", ""units"": ""µg/m³"", ""displayName"": ""NO₂ mass""}}, {""id"": 14340861, ""name"": ""nox ppb"", ""parameter"": {""id"": 23, ""name"": ""nox"", ""units"": ""ppb"", ""displayName"": ""NOX""}}, {""id"": 12235581, ""name"": ""o3 µg/m³"", ""parameter"": {""id"": 3, ""name"": ""o3"", ""units"": ""µg/m³"", ""displayName"": ""O₃ mass""}}, {""id"": 711, ""name"": ""o3 µg/m³"", ""parameter"": {""id"": 3, ""name"": ""o3"", ""units"": ""µg/m³"", ""displayName"": ""O₃ mass""}}, {""id"": 12235582, ""name"": ""pm10 µg/m³"", ""parameter"": {""id"": 1, ""name"": ""pm10"", ""units"": ""µg/m³"", ""displayName"": ""PM10""}}, {""id"": 715, ""name"": ""pm10 µg/m³"", ""parameter"": {""id"": 1, ""name"": ""pm10"", ""units"": ""µg/m³"", ""displayName"": ""PM10""}}, {""id"": 714, ""name"": ""pm25 µg/m³"", ""parameter"": {""id"": 2, ""name"": ""pm25"", ""units"": ""µg/m³"", ""displayName"": ""PM2.5""}}, {""id"": 12235583, ""name"": ""pm25 µg/m³"", ""parameter"": {""id"": 2, ""name"": ""pm25"", ""units"": ""µg/m³"", ""displayName"": ""PM2.5""}}, {""id"": 12235584, ""name"": ""relativehumidity %"", ""parameter"": {""id"": 98, ""name"": ""relativehumidity"", ""units"": ""%"", ""displayName"": ""RH""}}, {""id"": 12235585, ""name"": ""so2 ppb"", ""parameter"": {""id"": 101, ""name"": ""so2"", ""units"": ""ppb"", ""displayName"": ""SO₂""}}, {""id"": 713, ""name"": ""so2 µg/m³"", ""parameter"": {""id"": 6, ""name"": ""so2"", ""units"": ""µg/m³"", ""displayName"": ""SO₂ mass""}}, {""id"": 12235586, ""name"": ""temperature c"", ""parameter"": {""id"": 100, ""name"": ""temperature"", ""units"": ""c"", ""displayName"": ""Temperature (C)""}}, {""id"": 14340862, ""name"": ""wind_direction deg"", ""parameter"": {""id"": 22, ""name"": ""wind_direction"", ""units"": ""deg"", ""displayName"": ""Wind direction""}}, {""id"": 14340863, ""name"": ""wind_speed m/s"", ""parameter"": {""id"": 34, ""name"": ""wind_speed"", ""units"": ""m/s"", ""displayName"": ""Wind speed""}}]",True,True
RJ004,"Adarsh Nagar, Jaipur - RSPCB",Jaipur,Rajasthan,26.91962,75.78781,Active,5635,"Adarsh Nagar, Jaipur - RSPCB","[{""id"": 14988, ""name"": ""co µg/m³"", ""parameter"": {""id"": 4, ""name"": ""co"", ""units"": ""µg/m³"", ""displayName"": ""CO mass""}}, {""id"": 12234845, ""name"": ""co ppb"", ""parameter"": {""id"": 102, ""name"": ""co"", ""units"": ""ppb"", ""displayName"": ""CO""}}, {""id"": 12234846, ""name"": ""no ppb"", ""parameter"": {""id"": 24, ""name"": ""no"", ""units"": ""ppb"", ""displayName"": ""NO""}}, {""id"": 12234847, ""name"": ""no2 ppb"", ""parameter"": {""id"": 15, ""name"": ""no2"", ""units"": ""ppb"", ""displayName"": ""NO₂""}}, {""id"": 15122, ""name"": ""no2 µg/m³"", ""parameter"": {""id"": 5, ""name"": ""no2"", ""units"": ""µg/m³"", ""displayName"": ""NO₂ mass""}}, {""id"": 14341739, ""name"": ""nox ppb"", ""parameter"": {""id"": 23, ""name"": ""nox"", ""units"": ""ppb"", ""displayName"": ""NOX""}}, {""id"": 12234848, ""name"": ""o3 µg/m³"", ""parameter"": {""id"": 3, ""name"": ""o3"", ""units"": ""µg/m³"", ""displayName"": ""O₃ mass""}}, {""id"": 15127, ""name"": ""o3 µg/m³"", ""parameter"": {""id"": 3, ""name"": ""o3"", ""units"": ""µg/m³"", ""displayName"": ""O₃ mass""}}, {""id"": 12234849, ""name"": ""pm10 µg/m³"", ""parameter"": {""id"": 1, ""name"": ""pm10"", ""units"": ""µg/m³"", ""displayName"": ""PM10""}}, {""id"": 15162, ""name"": ""pm10 µg/m³"", ""parameter"": {""id"": 1, ""name"": ""pm10"", ""units"": ""µg/m³"", ""displayName"": ""PM10""}}, {""id"": 12234850, ""name"": ""pm25 µg/m³"", ""parameter"": {""id"": 2, ""name"": ""pm25"", ""units"": ""µg/m³"", ""displayName"": ""PM2.5""}}, {""id"": 15195, ""name"": ""pm25 µg/m³"", ""parameter"": {""id"": 2, ""name"": ""pm25"", ""units"": ""µg/m³"", ""displayName"": ""PM2.5""}}, {""id"": 15705691, ""name"": ""relativehumidity %"", ""parameter"": {""id"": 98, ""name"": ""relativehumidity"", ""units"": ""%"", ""displayName"": ""RH""}}, {""id"": 12234851, ""name"": ""so2 ppb"", ""parameter"": {""id"": 101, ""name"": ""so2"", ""units"": ""ppb"", ""displayName"": ""SO₂""}}, {""id"": 15186, ""name"": ""so2 µg/m³"", ""parameter"": {""id"": 6, ""name"": ""so2"", ""units"": ""µg/m³"", ""displayName"": ""SO₂ mass""}}, {""id"": 12234852, ""name"": ""temperature c"", ""parameter"": {""id"": 100, ""name"": ""temperature"", ""units"": ""c"", ""displayName"": ""Temperature (C)""}}, {""id"": 14341740, ""name"": ""wind_direction deg"", ""parameter"": {""id"": 22, ""name"": ""wind_direction"", ""units"": ""deg"", ""displayName"": ""Wind direction""}}, {""id"": 14341741, ""name"": ""wind_speed m/s"", ""parameter"": {""id"": 34, ""name"": ""wind_speed"", ""units"": ""m/s"", ""displayName"": ""Wind speed""}}]",True,True
RJ005,"Police Commissionerate, Jaipur - RSPCB",Jaipur,Rajasthan,26.91962,75.78781,Active,5633,"Police Commissionerate, Jaipur - RSPCB","[{""id"": 14982, ""name"": ""co µg/m³"", ""parameter"": {""id"": 4, ""name"": ""co"", ""units"": ""µg/m³"", ""displayName"": ""CO mass""}}, {""id"": 12234800, ""name"": ""co ppb"", ""parameter"": {""id"": 102, ""name"": ""co"", ""units"": ""ppb"", ""displayName"": ""CO""}}, {""id"": 12234801, ""name"": ""no ppb"", ""parameter"": {""id"": 24, ""name"": ""no"", ""units"": ""ppb"", ""displayName"": ""NO""}}, {""id"": 12234802, ""name"": ""no2 ppb"", ""parameter"": {""id"": 15, ""name"": ""no2"", ""units"": ""ppb"", ""displayName"": ""NO₂""}}, {""id"": 14977, ""name"": ""no2 µg/m³"", ""parameter"": {""id"": 5, ""name"": ""no2"", ""units"": ""µg/m³"", ""displayName"": ""NO₂ mass""}}, {""id"": 14341724, ""name"": ""nox ppb"", ""parameter"": {""id"": 23, ""name"": ""nox"", ""units"": ""ppb"", ""displayName"": ""NOX""}}, {""id"": 12234803, ""name"": ""o3 µg/m³"", ""parameter"": {""id"": 3, ""name"": ""o3"", ""units"": ""µg/m³"", ""displayName"": ""O₃ mass""}}, {""id"": 14975, ""name"": ""o3 µg/m³"", ""parameter"": {""id"": 3, ""name"": ""o3"", ""units"": ""µg/m³"", ""displayName"": ""O₃ mass""}}, {""id"": 12234804, ""name"": ""pm10 µg/m³"", ""parameter"": {""id"": 1, ""name"": ""pm10"", ""units"": ""µg/m³"", ""displayName"": ""PM10""}}, {""id"": 14973, ""name"": ""pm10 µg/m³"", ""parameter"": {""id"": 1, ""name"": ""pm10"", ""units"": ""µg/m³"", ""displayName"": ""PM10""}}, {""id"": 14971, ""name"": ""pm25 µg/m³"", ""parameter"": {""id"": 2, ""name"": ""pm25"", ""units"": ""µg/m³"", ""displayName"": ""PM2.5""}}, {""id"": 12234805, ""name"": ""pm25 µg/m³"", ""parameter"": {""id"": 2, ""name"": ""pm25"", ""units"": ""µg/m³"", ""displayName"": ""PM2.5""}}, {""id"": 12234806, ""name"": ""relativehumidity %"", ""parameter"": {""id"": 98, ""name"": ""relativehumidity"", ""units"": ""%"", ""displayName"": ""RH""}}, {""id"": 12234807, ""name"": ""so2 ppb"", ""parameter"": {""id"": 101, ""name"": ""so2"", ""units"": ""ppb"", ""displayName"": ""SO₂""}}, {""id"": 14970, ""name"": ""so2 µg/m³"", ""parameter"": {""id"": 6, ""name"": ""so2"", ""units"": ""µg/m³"", ""displayName"": ""SO₂ mass""}}, {""id"": 12234808, ""name"": ""temperature c"", ""parameter"": {""id"": 100, ""name"": ""temperature"", ""units"": ""c"", ""displayName"": ""Temperature (C)""}}, {""id"": 14341725, ""name"": ""wind_direction deg"", ""parameter"": {""id"": 22, ""name"": ""wind_direction"", ""units"": ""deg"", ""displayName"": ""Wind direction""}}, {""id"": 14341726, ""name"": ""wind_speed m/s"", ""parameter"": {""id"": 34, ""name"": ""wind_speed"", ""units"": ""m/s"", ""displayName"": ""Wind speed""}}]",True,True
RJ006,"Shastri Nagar, Jaipur - RSPCB",Jaipur,Rajasthan,26.91962,75.78781,Active,5612,"Shastri Nagar, Jaipur - RSPCB","[{""id"": 12234871, ""name"": ""co ppb"", ""parameter"": {""id"": 102, ""name"": ""co"", ""units"": ""ppb"", ""displayName"": ""CO""}}, {""id"": 14864, ""name"": ""co µg/m³"", ""parameter"": {""id"": 4, ""name"": ""co"", ""units"": ""µg/m³"", ""displayName"": ""CO mass""}}, {""id"": 12234872, ""name"": ""no ppb"", ""parameter"": {""id"": 24, ""name"": ""no"", ""units"": ""ppb"", ""displayName"": ""NO""}}, {""id"": 12234873, ""name"": ""no2 ppb"", ""parameter"": {""id"": 15, ""name"": ""no2"", ""units"": ""ppb"", ""displayName"": ""NO₂""}}, {""id"": 14873, ""name"": ""no2 µg/m³"", ""parameter"": {""id"": 5, ""name"": ""no2"", ""units"": ""µg/m³"", ""displayName"": ""NO₂ mass""}}, {""id"": 14341748, ""name"": ""nox ppb"", ""parameter"": {""id"": 23, ""name"": ""nox"", ""units"": ""ppb"", ""displayName"": ""NOX""}}, {""id"": 12234874, ""name"": ""o3 µg/m³"", ""parameter"": {""id"": 3, ""name"": ""o3"", ""units"": ""µg/m³"", ""displayName"": ""O₃ mass""}}, {""id"": 14888, ""name"": ""o3 µg/m³"", ""parameter"": {""id"": 3, ""name"": ""o3"", ""units"": ""µg/m³"", ""displayName"": ""O₃ mass""}}, {""id"": 12234875, ""name"": ""pm10 µg/m³"", ""parameter"": {""id"": 1, ""name"": ""pm10"", ""units"": ""µg/m³"", ""displayName"": ""PM10""}}, {""id"": 14894, ""name"": ""pm10 µg/m³"", ""parameter"": {""id"": 1, ""name"": ""pm10"", ""units"": ""µg/m³"", ""displayName"": ""PM10""}}, {""id"": 12234876, ""name"": ""pm25 µg/m³"", ""parameter"": {""id"": 2, ""name"": ""pm25"", ""units"": ""µg/m³"", ""displayName"": ""PM2.5""}}, {""id"": 15005, ""name"": ""pm25 µg/m³"", ""parameter"": {""id"": 2, ""name"": ""pm25"", ""units"": ""µg/m³"", ""displayName"": ""PM2.5""}}, {""id"": 12234877, ""name"": ""relativehumidity %"", ""parameter"": {""id"": 98, ""name"": ""relativehumidity"", ""units"": ""%"", ""displayName"": ""RH""}}, {""id"": 12234878, ""name"": ""so2 ppb"", ""parameter"": {""id"": 101, ""name"": ""so2"", ""units"": ""ppb"", ""displayName"": ""SO₂""}}, {""id"": 15134, ""name"": ""so2 µg/m³"", ""parameter"": {""id"": 6, ""name"": ""so2"", ""units"": ""µg/m³"", ""displayName"": ""SO₂ mass""}}, {""id"": 12234879, ""name"": ""temperature c"", ""parameter"": {""id"": 100, ""name"": ""temperature"", ""units"": ""c"", ""displayName"": ""Temperature (C)""}}, {""id"": 14341749, ""name"": ""wind_direction deg"", ""parameter"": {""id"": 22, ""name"": ""wind_direction"", ""units"": ""deg"", ""displayName"": ""Wind direction""}}, {""id"": 14341750, ""name"": ""wind_speed m/s"", ""parameter"": {""id"": 34, ""name"": ""wind_speed"", ""units"": ""m/s"", ""displayName"": ""Wind speed""}}]",True,True
KL004,"Vyttila, Kochi - Kerala PCB",Kochi,Kerala,33.55,133.53333,,8916,"Vyttila, Kochi - Kerala PCB","[{""id"": 26031, ""name"": ""co µg/m³"", ""parameter"": {""id"": 4, ""name"": ""co"", ""units"": ""µg/m³"", ""displayName"": ""CO mass""}}, {""id"": 26030, ""name"": ""no2 µg/m³"", ""parameter"": {""id"": 5, ""name"": ""no2"", ""units"": ""µg/m³"", ""displayName"": ""NO₂ mass""}}, {""id"": 26029, ""name"": ""o3 µg/m³"", ""parameter"": {""id"": 3, ""name"": ""o3"", ""units"": ""µg/m³"", ""displayName"": ""O₃ mass""}}, {""id"": 26028, ""name"": ""pm10 µg/m³"", ""parameter"": {""id"": 1, ""name"": ""pm10"", ""units"": ""µg/m³"", ""displayName"": ""PM10""}}, {""id"": 26027, ""name"": ""pm25 µg/m³"", ""parameter"": {""id"": 2, ""name"": ""pm25"", ""units"": ""µg/m³"", ""displayName"": ""PM2.5""}}, {""id"": 26033, ""name"": ""so2 µg/m³"", ""parameter"": {""id"": 6, ""name"": ""so2"", ""units"": ""µg/m³"", ""displayName"": ""SO₂ mass""}}]",True,True
WB007,"Ballygunge, Kolkata - WBPCB",Kolkata,West Bengal,22.56263,88.36304,Active,10918,"Ballygunge, Kolkata - WBPCB","[{""id"": 36652, ""name"": ""co µg/m³"", ""parameter"": {""id"": 4, ""name"": ""co"", ""units"": ""µg/m³"", ""displayName"": ""CO mass""}}, {""id"": 12236007, ""name"": ""co ppb"", ""parameter"": {""id"": 102, ""name"": ""co"", ""units"": ""ppb"", ""displayName"": ""CO""}}, {""id"": 12236008, ""name"": ""no ppb"", ""parameter"": {""id"": 24, ""name"": ""no"", ""units"": ""ppb"", ""displayName"": ""NO""}}, {""id"": 36648, ""name"": ""no2 µg/m³"", ""parameter"": {""id"": 5, ""name"": ""no2"", ""units"": ""µg/m³"", ""displayName"": ""NO₂ mass""}}, {""id"": 12236009, ""name"": ""no2 ppb"", ""parameter"": {""id"": 15, ""name"": ""no2"", ""units"": ""ppb"", ""displayName"": ""NO₂""}}, {""id"": 14341975, ""name"": ""nox ppb"", ""parameter"": {""id"": 23, ""name"": ""nox"", ""units"": ""ppb"", ""displayName"": ""NOX""}}, {""id"": 12236010, ""name"": ""o3 µg/m³"", ""parameter"": {""id"": 3, ""name"": ""o3"", ""units"": ""µg/m³"", ""displayName"": ""O₃ mass""}}, {""id"": 36647, ""name"": ""o3 µg/m³"", ""parameter"": {""id"": 3, ""name"": ""o3"", ""units"": ""µg/m³"", ""displayName"": ""O₃ mass""}}, {""id"": 36644, ""name"": ""pm10 µg/m³"", ""parameter"": {""id"": 1, ""name"": ""pm10"", ""units"": ""µg/m³"", ""displayName"": ""PM10""}}, {""id"": 12236011, ""name"": ""pm10 µg/m³"", ""parameter"": {""id"": 1, ""name"": ""pm10"", ""units"": ""µg/m³"", ""displayName"": ""PM10""}}, {""id"": 12236012, ""name"": ""pm25 µg/m³"", ""parameter"": {""id"": 2, ""name"": ""pm25"", ""units"": ""µg/m³"", ""displayName"": ""PM2.5""}}, {""id"": 36640, ""name"": ""pm25 µg/m³"", ""parameter"": {""id"": 2, ""name"": ""pm25"", ""units"": ""µg/m³"", ""displayName"": ""PM2.5""}}, {""id"": 12236013, ""name"": ""relativehumidity %"", ""parameter"": {""id"": 98, ""name"": ""relativehumidity"", ""units"": ""%"", ""displayName"": ""RH""}}, {""id"": 12236014, ""name"": ""so2 ppb"", ""parameter"": {""id"": 101, ""name"": ""so2"", ""units"": ""ppb"", ""displayName"": ""SO₂""}}, {""id"": 36639, ""name"": ""so2 µg/m³"", ""parameter"": {""id"": 6, ""name"": ""so2"", ""units"": ""µg/m³"", ""displayName"": ""SO₂ mass""}}, {""id"": 12236015, ""name"": ""temperature c"", ""parameter"": {""id"": 100, ""name"": ""temperature"", ""units"": ""c"", ""displayName"": ""Temperature (C)""}}, {""id"": 14341976, ""name"": ""wind_direction deg"", ""parameter"": {""id"": 22, ""name"": ""wind_direction"", ""units"": ""deg"", ""displayName"": ""Wind direction""}}, {""id"": 14341977, ""name"": ""wind_speed m/s"", ""parameter"": {""id"": 34, ""name"": ""wind_speed"", ""units"": ""m/s"", ""displayName"": ""Wind speed""}}]",True,True
WB008,"Bidhannagar, Kolkata - WBPCB",Kolkata,West Bengal,22.56263,88.36304,Active,10851,"Bidhannagar, Kolkata - WBPCB","[{""id"": 12235989, ""name"": ""co ppb"", ""parameter"": {""id"": 102, ""name"": ""co"", ""units"": ""ppb"", ""displayName"": ""CO""}}, {""id"": 36321, ""name"": ""co µg/m³"", ""parameter"": {""id"": 4, ""name"": ""co"", ""units"": ""µg/m³"", ""displayName"": ""CO mass""}}, {""id"": 12235990, ""name"": ""no ppb"", ""parameter"": {""id"": 24, ""name"": ""no"", ""units"": ""ppb"", ""displayName"": ""NO""}}, {""id"": 12235991, ""name"": ""no2 ppb"", ""parameter"": {""id"": 15, ""name"": ""no2"", ""units"": ""ppb"", ""displayName"": ""NO₂""}}, {""id"": 36320, ""name"": ""no2 µg/m³"", ""parameter"": {""id"": 5, ""name"": ""no2"", ""units"": ""µg/m³"", ""displayName"": ""NO₂ mass""}}, {""id"": 14341972, ""name"": ""nox ppb"", ""parameter"": {""id"": 23, ""name"": ""nox"", ""units"": ""ppb"", ""displayName"": ""NOX""}}, {""id"": 12235992, ""name"": ""o3 µg/m³"", ""parameter"": {""id"": 3, ""name"": ""o3"", ""units"": ""µg/m³"", ""displayName"": ""O₃ mass""}}, {""id"": 36319, ""name"": ""o3 µg/m³"", ""parameter"": {""id"": 3, ""name"": ""o3"", ""units"": ""µg/m³"", ""displayName"": ""O₃ mass""}}, {""id"": 36318, ""name"": ""pm10 µg/m³"", ""parameter"": {""id"": 1, ""name"": ""pm10"", ""units"": ""µg/m³"", ""displayName"": ""PM10""}}, {""id"": 12235993, ""name"": ""pm10 µg/m³"", ""parameter"": {""id"": 1, ""name"": ""pm10"", ""units"": ""µg/m³"", ""displayName"": ""PM10""}}, {""id"": 36317, ""name"": ""pm25 µg/m³"", ""parameter"": {""id"": 2, ""name"": ""pm25"", ""units"": ""µg/m³"", ""displayName"": ""PM2.5""}}, {""id"": 12235994, ""name"": ""pm25 µg/m³"", ""parameter"": {""id"": 2, ""name"": ""pm25"", ""units"": ""µg/m³"", ""displayName"": ""PM2.5""}}, {""id"": 12235995, ""name"": ""relativehumidity %"", ""parameter"": {""id"": 98, ""name"": ""relativehumidity"", ""units"": ""%"", ""displayName"": ""RH""}}, {""id"": 12235996, ""name"": ""so2 ppb"", ""parameter"": {""id"": 101, ""name"": ""so2"", ""units"": ""ppb"", ""displayName"": ""SO₂""}}, {""id"": 36316, ""name"": ""so2 µg/m³"", ""parameter"": {""id"": 6, ""name"": ""so2"", ""units"": ""µg/m³"", ""displayName"": ""SO₂ mass""}}, {""id"": 12235997, ""name"": ""temperature c"", ""parameter"": {""id"": 100, ""name"": ""temperature"", ""units"": ""c"", ""displayName"": ""Temperature (C)""}}, {""id"": 14341973, ""name"": ""wind_direction deg"", ""parameter"": {""id"": 22, ""name"": ""wind_direction"", ""units"": ""deg"", ""displayName"": ""Wind direction""}}, {""id"": 14341974, ""name"": ""wind_speed m/s"", ""parameter"": {""id"": 34, ""name"": ""wind_speed"", ""units"": ""m/s"", ""displayName"": ""Wind speed""}}]",True,True
WB009,"Fort William, Kolkata - WBPCB",Kolkata,West Bengal,22.56263,88.36304,Active,6981,"Fort William, Kolkata - WBPCB","[{""id"": 20228, ""name"": ""co µg/m³"", ""parameter"": {""id"": 4, ""name"": ""co"", ""units"": ""µg/m³"", ""displayName"": ""CO mass""}}, {""id"": 12235873, ""name"": ""co ppb"", ""parameter"": {""id"": 102, ""name"": ""co"", ""units"": ""ppb"", ""displayName"": ""CO""}}, {""id"": 12235874, ""name"": ""no ppb"", ""parameter"": {""id"": 24, ""name"": ""no"", ""units"": ""ppb"", ""displayName"": ""NO""}}, {""id"": 20226, ""name"": ""no2 µg/m³"", ""parameter"": {""id"": 5, ""name"": ""no2"", ""units"": ""µg/m³"", ""displayName"": ""NO₂ mass""}}, {""id"": 12235875, ""name"": ""no2 ppb"", ""parameter"": {""id"": 15, ""name"": ""no2"", ""units"": ""ppb"", ""displayName"": ""NO₂""}}, {""id"": 14341943, ""name"": ""nox ppb"", ""parameter"": {""id"": 23, ""name"": ""nox"", ""units"": ""ppb"", ""displayName"": ""NOX""}}, {""id"": 20214, ""name"": ""o3 µg/m³"", ""parameter"": {""id"": 3, ""name"": ""o3"", ""units"": ""µg/m³"", ""displayName"": ""O₃ mass""}}, {""id"": 12235876, ""name"": ""o3 µg/m³"", ""parameter"": {""id"": 3, ""name"": ""o3"", ""units"": ""µg/m³"", ""displayName"": ""O₃ mass""}}, {""id"": 20211, ""name"": ""pm10 µg/m³"", ""parameter"": {""id"": 1, ""name"": ""pm10"", ""units"": ""µg/m³"", ""displayName"": ""PM10""}}, {""id"": 12235877, ""name"": ""pm10 µg/m³"", ""parameter"": {""id"": 1, ""name"": ""pm10"", ""units"": ""µg/m³"", ""displayName"": ""PM10""}}, {""id"": 12235878, ""name"": ""pm25 µg/m³"", ""parameter"": {""id"": 2, ""name"": ""pm25"", ""units"": ""µg/m³"", ""displayName"": ""PM2.5""}}, {""id"": 20203, ""name"": ""pm25 µg/m³"", ""parameter"": {""id"": 2, ""name"": ""pm25"", ""units"": ""µg/m³"", ""displayName"": ""PM2.5""}}, {""id"": 12235879, ""name"": ""relativehumidity %"", ""parameter"": {""id"": 98, ""name"": ""relativehumidity"", ""units"": ""%"", ""displayName"": ""RH""}}, {""id"": 20190, ""name"": ""so2 µg/m³"", ""parameter"": {""id"": 6, ""name"": ""so2"", ""units"": ""µg/m³"", ""displayName"": ""SO₂ mass""}}, {""id"": 12235880, ""name"": ""so2 ppb"", ""parameter"": {""id"": 101, ""name"": ""so2"", ""units"": ""ppb"", ""displayName"": ""SO₂""}}, {""id"": 12235881, ""name"": ""temperature c"", ""parameter"": {""id"": 100, ""name"": ""temperature"", ""units"": ""c"", ""displayName"": ""Temperature (C)""}}, {""id"": 14341944, ""name"": ""wind_direction deg"", ""parameter"": {""id"": 22, ""name"": ""wind_direction"", ""units"": ""deg"", ""displayName"": ""Wind direction""}}, {""id"": 14341945, ""name"": ""wind_speed m/s"", ""parameter"": {""id"": 34, ""name"": ""wind_speed"", ""units"": ""m/s"", ""displayName"": ""Wind speed""}}]",True,True
WB010,"Jadavpur, Kolkata - WBPCB",Kolkata,West Bengal,22.56263,88.36304,Active,6950,"Jadavpur, Kolkata - WBPCB","[{""id"": 12235882, ""name"": ""co ppb"", ""parameter"": {""id"": 102, ""name"": ""co"", ""units"": ""ppb"", ""displayName"": ""CO""}}, {""id"": 19986, ""name"": ""co µg/m³"", ""parameter"": {""id"": 4, ""name"": ""co"", ""units"": ""µg/m³"", ""displayName"": ""CO mass""}}, {""id"": 12235883, ""name"": ""no ppb"", ""parameter"": {""id"": 24, ""name"": ""no"", ""units"": ""ppb"", ""displayName"": ""NO""}}, {""id"": 19988, ""name"": ""no2 µg/m³"", ""parameter"": {""id"": 5, ""name"": ""no2"", ""units"": ""µg/m³"", ""displayName"": ""NO₂ mass""}}, {""id"": 12235884, ""name"": ""no2 ppb"", ""parameter"": {""id"": 15, ""name"": ""no2"", ""units"": ""ppb"", ""displayName"": ""NO₂""}}, {""id"": 14341946, ""name"": ""nox ppb"", ""parameter"": {""id"": 23, ""name"": ""nox"", ""units"": ""ppb"", ""displayName"": ""NOX""}}, {""id"": 19991, ""name"": ""o3 µg/m³"", ""parameter"": {""id"": 3, ""name"": ""o3"", ""units"": ""µg/m³"", ""displayName"": ""O₃ mass""}}, {""id"": 12235885, ""name"": ""o3 µg/m³"", ""parameter"": {""id"": 3, ""name"": ""o3"", ""units"": ""µg/m³"", ""displayName"": ""O₃ mass""}}, {""id"": 19994, ""name"": ""pm10 µg/m³"", ""parameter"": {""id"": 1, ""name"": ""pm10"", ""units"": ""µg/m³"", ""displayName"": ""PM10""}}, {""id"": 12235886, ""name"": ""pm10 µg/m³"", ""parameter"": {""id"": 1, ""name"": ""pm10"", ""units"": ""µg/m³"", ""displayName"": ""PM10""}}, {""id"": 19997, ""name"": ""pm25 µg/m³"", ""parameter"": {""id"": 2, ""name"": ""pm25"", ""units"": ""µg/m³"", ""displayName"": ""PM2.5""}}, {""id"": 12235887, ""name"": ""pm25 µg/m³"", ""parameter"": {""id"": 2, ""name"": ""pm25"", ""units"": ""µg/m³"", ""displayName"": ""PM2.5""}}, {""id"": 12235888, ""name"": ""relativehumidity %"", ""parameter"": {""id"": 98, ""name"": ""relativehumidity"", ""units"": ""%"", ""displayName"": ""RH""}}, {""id"": 12235889, ""name"": ""so2 ppb"", ""parameter"": {""id"": 101, ""name"": ""so2"", ""units"": ""ppb"", ""displayName"": ""SO₂""}}, {""id"": 20002, ""name"": ""so2 µg/m³"", ""parameter"": {""id"": 6, ""name"": ""so2"", ""units"": ""µg/m³"", ""displayName"": ""SO₂ mass""}}, {""id"": 12235890, ""name"": ""temperature c"", ""parameter"": {""id"": 100, ""name"": ""temperature"", ""units"": ""c"", ""displayName"": ""Temperature (C)""}}, {""id"": 14341947, ""name"": ""wind_direction deg"", ""parameter"": {""id"": 22, ""name"": ""wind_direction"", ""units"": ""deg"", ""displayName"": ""Wind direction""}}, {""id"": 14341948, ""name"": ""wind_speed m/s"", ""parameter"": {""id"": 34, ""name"": ""wind_speed"", ""units"": ""m/s"", ""displayName"": ""Wind speed""}}]",True,True
WB011,"Rabindra Bharati University, Kolkata - WBPCB",Kolkata,West Bengal,22.56263,88.36304,Active,6310,"Rabindra Bharati University, Kolkata - WBPCB","[{""id"": 17541, ""name"": ""co µg/m³"", ""parameter"": {""id"": 4, ""name"": ""co"", ""units"": ""µg/m³"", ""displayName"": ""CO mass""}}, {""id"": 17543, ""name"": ""no2 µg/m³"", ""parameter"": {""id"": 5, ""name"": ""no2"", ""units"": ""µg/m³"", ""displayName"": ""NO₂ mass""}}, {""id"": 17544, ""name"": ""o3 µg/m³"", ""parameter"": {""id"": 3, ""name"": ""o3"", ""units"": ""µg/m³"", ""displayName"": ""O₃ mass""}}, {""id"": 17540, ""name"": ""pm10 µg/m³"", ""parameter"": {""id"": 1, ""name"": ""pm10"", ""units"": ""µg/m³"", ""displayName"": ""PM10""}}, {""id"": 1715600, ""name"": ""pm25 µg/m³"", ""parameter"": {""id"": 2, ""name"": ""pm25"", ""units"": ""µg/m³"", ""displayName"": ""PM2.5""}}, {""id"": 17542, ""name"": ""so2 µg/m³"", ""parameter"": {""id"": 6, ""name"": ""so2"", ""units"": ""µg/m³"", ""displayName"": ""SO₂ mass""}}]",True,True
WB012,"Rabindra Sarobar, Kolkata - WBPCB",Kolkata,West Bengal,22.56263,88.36304,Active,10904,"Rabindra Sarobar, Kolkata - WBPCB","[{""id"": 36549, ""name"": ""co µg/m³"", ""parameter"": {""id"": 4, ""name"": ""co"", ""units"": ""µg/m³"", ""displayName"": ""CO mass""}}, {""id"": 12235962, ""name"": ""co ppb"", ""parameter"": {""id"": 102, ""name"": ""co"", ""units"": ""ppb"", ""displayName"": ""CO""}}, {""id"": 12235963, ""name"": ""no ppb"", ""parameter"": {""id"": 24, ""name"": ""no"", ""units"": ""ppb"", ""displayName"": ""NO""}}, {""id"": 36551, ""name"": ""no2 µg/m³"", ""parameter"": {""id"": 5, ""name"": ""no2"", ""units"": ""µg/m³"", ""displayName"": ""NO₂ mass""}}, {""id"": 12235964, ""name"": ""no2 ppb"", ""parameter"": {""id"": 15, ""name"": ""no2"", ""units"": ""ppb"", ""displayName"": ""NO₂""}}, {""id"": 14341969, ""name"": ""nox ppb"", ""parameter"": {""id"": 23, ""name"": ""nox"", ""units"": ""ppb"", ""displayName"": ""NOX""}}, {""id"": 36581, ""name"": ""o3 µg/m³"", ""parameter"": {""id"": 3, ""name"": ""o3"", ""units"": ""µg/m³"", ""displayName"": ""O₃ mass""}}, {""id"": 12235965, ""name"": ""o3 µg/m³"", ""parameter"": {""id"": 3, ""name"": ""o3"", ""units"": ""µg/m³"", ""displayName"": ""O₃ mass""}}, {""id"": 12235966, ""name"": ""pm10 µg/m³"", ""parameter"": {""id"": 1, ""name"": ""pm10"", ""units"": ""µg/m³"", ""displayName"": ""PM10""}}, {""id"": 36602, ""name"": ""pm10 µg/m³"", ""parameter"": {""id"": 1, ""name"": ""pm10"", ""units"": ""µg/m³"", ""displayName"": ""PM10""}}, {""id"": 12235967, ""name"": ""pm25 µg/m³"", ""parameter"": {""id"": 2, ""name"": ""pm25"", ""units"": ""µg/m³"", ""displayName"": ""PM2.5""}}, {""id"": 36609, ""name"": ""pm25 µg/m³"", ""parameter"": {""id"": 2, ""name"": ""pm25"", ""units"": ""µg/m³"", ""displayName"": ""PM2.5""}}, {""id"": 12235968, ""name"": ""relativehumidity %"", ""parameter"": {""id"": 98, ""name"": ""relativehumidity"", ""units"": ""%"", ""displayName"": ""RH""}}, {""id"": 36651, ""name"": ""so2 µg/m³"", ""parameter"": {""id"": 6, ""name"": ""so2"", ""units"": ""µg/m³"", ""displayName"": ""SO₂ mass""}}, {""id"": 12235969, ""name"": ""so2 ppb"", ""parameter"": {""id"": 101, ""name"": ""so2"", ""units"": ""ppb"", ""displayName"": ""SO₂""}}, {""id"": 12235970, ""name"": ""temperature c"", ""parameter"": {""id"": 100, ""name"": ""temperature"", ""units"": ""c"", ""displayName"": ""Temperature (C)""}}, {""id"": 14341970, ""name"": ""wind_direction deg"", ""parameter"": {""id"": 22, ""name"": ""wind_direction"", ""units"": ""deg"", ""displayName"": ""Wind direction""}}, {""id"": 14341971, ""name"": ""wind_speed m/s"", ""parameter"": {""id"": 34, ""name"": ""wind_speed"", ""units"": ""m/s"", ""displayName"": ""Wind speed""}}]",True,True
WB013,"Victoria, Kolkata - WBPCB",Kolkata,West Bengal,22.56263,88.36304,Active,10633,"Victoria, Kolkata - WBPCB","[{""id"": 35352, ""name"": ""co µg/m³"", ""parameter"": {""id"": 4, ""name"": ""co"", ""units"": ""µg/m³"", ""displayName"": ""CO mass""}}, {""id"": 12235675, ""name"": ""co ppb"", ""parameter"": {""id"": 102, ""name"": ""co"", ""units"": ""ppb"", ""displayName"": ""CO""}}, {""id"": 12235676, ""name"": ""no ppb"", ""parameter"": {""id"": 24, ""name"": ""no"", ""units"": ""ppb"", ""displayName"": ""NO""}}, {""id"": 35353, ""name"": ""no2 µg/m³"", ""parameter"": {""id"": 5, ""name"": ""no2"", ""units"": ""µg/m³"", ""displayName"": ""NO₂ mass""}}, {""id"": 12235677, ""name"": ""no2 ppb"", ""parameter"": {""id"": 15, ""name"": ""no2"", ""units"": ""ppb"", ""displayName"": ""NO₂""}}, {""id"": 14341881, ""name"": ""nox ppb"", ""parameter"": {""id"": 23, ""name"": ""nox"", ""units"": ""ppb"", ""displayName"": ""NOX""}}, {""id"": 35354, ""name"": ""o3 µg/m³"", ""parameter"": {""id"": 3, ""name"": ""o3"", ""units"": ""µg/m³"", ""displayName"": ""O₃ mass""}}, {""id"": 12235678, ""name"": ""o3 µg/m³"", ""parameter"": {""id"": 3, ""name"": ""o3"", ""units"": ""µg/m³"", ""displayName"": ""O₃ mass""}}, {""id"": 12235679, ""name"": ""pm10 µg/m³"", ""parameter"": {""id"": 1, ""name"": ""pm10"", ""units"": ""µg/m³"", ""displayName"": ""PM10""}}, {""id"": 35355, ""name"": ""pm10 µg/m³"", ""parameter"": {""id"": 1, ""name"": ""pm10"", ""units"": ""µg/m³"", ""displayName"": ""PM10""}}, {""id"": 12235680, ""name"": ""pm25 µg/m³"", ""parameter"": {""id"": 2, ""name"": ""pm25"", ""units"": ""µg/m³"", ""displayName"": ""PM2.5""}}, {""id"": 35356, ""name"": ""pm25 µg/m³"", ""parameter"": {""id"": 2, ""name"": ""pm25"", ""units"": ""µg/m³"", ""displayName"": ""PM2.5""}}, {""id"": 12235681, ""name"": ""relativehumidity %"", ""parameter"": {""id"": 98, ""name"": ""relativehumidity"", ""units"": ""%"", ""displayName"": ""RH""}}, {""id"": 12235682, ""name"": ""so2 ppb"", ""parameter"": {""id"": 101, ""name"": ""so2"", ""units"": ""ppb"", ""displayName"": ""SO₂""}}, {""id"": 35447, ""name"": ""so2 µg/m³"", ""parameter"": {""id"": 6, ""name"": ""so2"", ""units"": ""µg/m³"", ""displayName"": ""SO₂ mass""}}, {""id"": 12235683, ""name"": ""temperature c"", ""parameter"": {""id"": 100, ""name"": ""temperature"", ""units"": ""c"", ""displayName"": ""Temperature (C)""}}, {""id"": 14341882, ""name"": ""wind_direction deg"", ""parameter"": {""id"": 22, ""name"": ""wind_direction"", ""units"": ""deg"", ""displayName"": ""Wind direction""}}, {""id"": 14341883, ""name"": ""wind_speed m/s"", ""parameter"": {""id"": 34, ""name"": ""wind_speed"", ""units"": ""m/s"", ""displayName"": ""Wind speed""}}]",True,True
UP012,"Central School, Lucknow - CPCB",Lucknow,Uttar Pradesh,26.83928,80.92313,Active,5657,"Central School, Lucknow - CPCB","[{""id"": 15129, ""name"": ""co µg/m³"", ""parameter"": {""id"": 4, ""name"": ""co"", ""units"": ""µg/m³"", ""displayName"": ""CO mass""}}, {""id"": 15130, ""name"": ""no2 µg/m³"", ""parameter"": {""id"": 5, ""name"": ""no2"", ""units"": ""µg/m³"", ""displayName"": ""NO₂ mass""}}, {""id"": 15135, ""name"": ""o3 µg/m³"", ""parameter"": {""id"": 3, ""name"": ""o3"", ""units"": ""µg/m³"", ""displayName"": ""O₃ mass""}}, {""id"": 34959, ""name"": ""pm10 µg/m³"", ""parameter"": {""id"": 1, ""name"": ""pm10"", ""units"": ""µg/m³"", ""displayName"": ""PM10""}}, {""id"": 15172, ""name"": ""pm25 µg/m³"", ""parameter"": {""id"": 2, ""name"": ""pm25"", ""units"": ""µg/m³"", ""displayName"": ""PM2.5""}}, {""id"": 15181, ""name"": ""so2 µg/m³"", ""parameter"": {""id"": 6, ""name"": ""so2"", ""units"": ""µg/m³"", ""displayName"": ""SO₂ mass""}}]",True,True
UP013,"Gomti Nagar, Lucknow - UPPCB",Lucknow,Uttar Pradesh,26.83928,80.92313,Active,7140,"Gomti Nagar, Lucknow - UPPCB","[{""id"": 12235980, ""name"": ""co ppb"", ""parameter"": {""id"": 102, ""name"": ""co"", ""units"": ""ppb"", ""displayName"": ""CO""}}, {""id"": 20574, ""name"": ""co µg/m³"", ""parameter"": {""id"": 4, ""name"": ""co"", ""units"": ""µg/m³"", ""displayName"": ""CO mass""}}, {""id"": 12235981, ""name"": ""no ppb"", ""parameter"": {""id"": 24, ""name"": ""no"", ""units"": ""ppb"", ""displayName"": ""NO""}}, {""id"": 36690, ""name"": ""no2 µg/m³"", ""parameter"": {""id"": 5, ""name"": ""no2"", ""units"": ""µg/m³"", ""displayName"": ""NO₂ mass""}}, {""id"": 12235982, ""name"": ""no2 ppb"", ""parameter"": {""id"": 15, ""name"": ""no2"", ""units"": ""ppb"", ""displayName"": ""NO₂""}}, {""id"": 14340953, ""name"": ""nox ppb"", ""parameter"": {""id"": 23, ""name"": ""nox"", ""units"": ""ppb"", ""displayName"": ""NOX""}}, {""id"": 36688, ""name"": ""o3 µg/m³"", ""parameter"": {""id"": 3, ""name"": ""o3"", ""units"": ""µg/m³"", ""displayName"": ""O₃ mass""}}, {""id"": 12235983, ""name"": ""o3 µg/m³"", ""parameter"": {""id"": 3, ""name"": ""o3"", ""units"": ""µg/m³"", ""displayName"": ""O₃ mass""}}, {""id"": 1348528, ""name"": ""pm10 µg/m³"", ""parameter"": {""id"": 1, ""name"": ""pm10"", ""units"": ""µg/m³"", ""displayName"": ""PM10""}}, {""id"": 12235984, ""name"": ""pm10 µg/m³"", ""parameter"": {""id"": 1, ""name"": ""pm10"", ""units"": ""µg/m³"", ""displayName"": ""PM10""}}, {""id"": 36687, ""name"": ""pm25 µg/m³"", ""parameter"": {""id"": 2, ""name"": ""pm25"", ""units"": ""µg/m³"", ""displayName"": ""PM2.5""}}, {""id"": 12235985, ""name"": ""pm25 µg/m³"", ""parameter"": {""id"": 2, ""name"": ""pm25"", ""units"": ""µg/m³"", ""displayName"": ""PM2.5""}}, {""id"": 12235986, ""name"": ""relativehumidity %"", ""parameter"": {""id"": 98, ""name"": ""relativehumidity"", ""units"": ""%"", ""displayName"": ""RH""}}, {""id"": 12235987, ""name"": ""so2 ppb"", ""parameter"": {""id"": 101, ""name"": ""so2"", ""units"": ""ppb"", ""displayName"": ""SO₂""}}, {""id"": 36671, ""name"": ""so2 µg/m³"", ""parameter"": {""id"": 6, ""name"": ""so2"", ""units"": ""µg/m³"", ""displayName"": ""SO₂ mass""}}, {""id"": 12235988, ""name"": ""temperature c"", ""parameter"": {""id"": 100, ""name"": ""temperature"", ""units"": ""c"", ""displayName"": ""Temperature (C)""}}, {""id"": 14340954, ""name"": ""wind_direction deg"", ""parameter"": {""id"": 22, ""name"": ""wind_direction"", ""units"": ""deg"", ""displayName"": ""Wind direction""}}, {""id"": 14340955, ""name"": ""wind_speed m/s"", ""parameter"": {""id"": 34, ""name"": ""wind_speed"", ""units"": ""m/s"", ""displayName"": ""Wind speed""}}]",True,True
UP014,"Lalbagh, Lucknow - CPCB",Lucknow,Uttar Pradesh,26.83928,80.92313,Active,5659,"Lalbagh, Lucknow - CPCB","[{""id"": 12235517, ""name"": ""co ppb"", ""parameter"": {""id"": 102, ""name"": ""co"", ""units"": ""ppb"", ""displayName"": ""CO""}}, {""id"": 15151, ""name"": ""co µg/m³"", ""parameter"": {""id"": 4, ""name"": ""co"", ""units"": ""µg/m³"", ""displayName"": ""CO mass""}}, {""id"": 12235518, ""name"": ""no ppb"", ""parameter"": {""id"": 24, ""name"": ""no"", ""units"": ""ppb"", ""displayName"": ""NO""}}, {""id"": 15149, ""name"": ""no2 µg/m³"", ""parameter"": {""id"": 5, ""name"": ""no2"", ""units"": ""µg/m³"", ""displayName"": ""NO₂ mass""}}, {""id"": 12235519, ""name"": ""no2 ppb"", ""parameter"": {""id"": 15, ""name"": ""no2"", ""units"": ""ppb"", ""displayName"": ""NO₂""}}, {""id"": 14341851, ""name"": ""nox ppb"", ""parameter"": {""id"": 23, ""name"": ""nox"", ""units"": ""ppb"", ""displayName"": ""NOX""}}, {""id"": 12235520, ""name"": ""o3 µg/m³"", ""parameter"": {""id"": 3, ""name"": ""o3"", ""units"": ""µg/m³"", ""displayName"": ""O₃ mass""}}, {""id"": 15148, ""name"": ""o3 µg/m³"", ""parameter"": {""id"": 3, ""name"": ""o3"", ""units"": ""µg/m³"", ""displayName"": ""O₃ mass""}}, {""id"": 36168, ""name"": ""pm10 µg/m³"", ""parameter"": {""id"": 1, ""name"": ""pm10"", ""units"": ""µg/m³"", ""displayName"": ""PM10""}}, {""id"": 12235521, ""name"": ""pm10 µg/m³"", ""parameter"": {""id"": 1, ""name"": ""pm10"", ""units"": ""µg/m³"", ""displayName"": ""PM10""}}, {""id"": 15143, ""name"": ""pm25 µg/m³"", ""parameter"": {""id"": 2, ""name"": ""pm25"", ""units"": ""µg/m³"", ""displayName"": ""PM2.5""}}, {""id"": 12235522, ""name"": ""pm25 µg/m³"", ""parameter"": {""id"": 2, ""name"": ""pm25"", ""units"": ""µg/m³"", ""displayName"": ""PM2.5""}}, {""id"": 12235523, ""name"": ""relativehumidity %"", ""parameter"": {""id"": 98, ""name"": ""relativehumidity"", ""units"": ""%"", ""displayName"": ""RH""}}, {""id"": 15142, ""name"": ""so2 µg/m³"", ""parameter"": {""id"": 6, ""name"": ""so2"", ""units"": ""µg/m³"", ""displayName"": ""SO₂ mass""}}, {""id"": 12235524, ""name"": ""so2 ppb"", ""parameter"": {""id"": 101, ""name"": ""so2"", ""units"": ""ppb"", ""displayName"": ""SO₂""}}, {""id"": 12235525, ""name"": ""temperature c"", ""parameter"": {""id"": 100, ""name"": ""temperature"", ""units"": ""c"", ""displayName"": ""Temperature (C)""}}, {""id"": 14341852, ""name"": ""wind_direction deg"", ""parameter"": {""id"": 22, ""name"": ""wind_direction"", ""units"": ""deg"", ""displayName"": ""Wind direction""}}, {""id"": 14341853, ""name"": ""wind_speed m/s"", ""parameter"": {""id"": 34, ""name"": ""wind_speed"", ""units"": ""m/s"", ""displayName"": ""Wind speed""}}]",True,True
UP015,"Nishant Ganj, Lucknow - UPPCB",Lucknow,Uttar Pradesh,26.83928,80.92313,Inactive,5604,"Nishant Ganj, Lucknow - UPPCB","[{""id"": 14896, ""name"": ""co µg/m³"", ""parameter"": {""id"": 4, ""name"": ""co"", ""units"": ""µg/m³"", ""displayName"": ""CO mass""}}, {""id"": 15139, ""name"": ""no2 µg/m³"", ""parameter"": {""id"": 5, ""name"": ""no2"", ""units"": ""µg/m³"", ""displayName"": ""NO₂ mass""}}, {""id"": 15078, ""name"": ""o3 µg/m³"", ""parameter"": {""id"": 3, ""name"": ""o3"", ""units"": ""µg/m³"", ""displayName"": ""O₃ mass""}}, {""id"": 14845, ""name"": ""pm25 µg/m³"", ""parameter"": {""id"": 2, ""name"": ""pm25"", ""units"": ""µg/m³"", ""displayName"": ""PM2.5""}}, {""id"": 14880, ""name"": ""so2 µg/m³"", ""parameter"": {""id"": 6, ""name"": ""so2"", ""units"": ""µg/m³"", ""displayName"": ""SO₂ mass""}}]",True,True
UP016,"Talkatora District Industries Center, Lucknow - CPCB",Lucknow,Uttar Pradesh,26.83928,80.92313,Active,2456,"Talkatora District Industries Center, Lucknow - CPCB","[{""id"": 12235569, ""name"": ""co ppb"", ""parameter"": {""id"": 102, ""name"": ""co"", ""units"": ""ppb"", ""displayName"": ""CO""}}, {""id"": 4712, ""name"": ""co µg/m³"", ""parameter"": {""id"": 4, ""name"": ""co"", ""units"": ""µg/m³"", ""displayName"": ""CO mass""}}, {""id"": 12235570, ""name"": ""no ppb"", ""parameter"": {""id"": 24, ""name"": ""no"", ""units"": ""ppb"", ""displayName"": ""NO""}}, {""id"": 12235571, ""name"": ""no2 ppb"", ""parameter"": {""id"": 15, ""name"": ""no2"", ""units"": ""ppb"", ""displayName"": ""NO₂""}}, {""id"": 5231, ""name"": ""no2 µg/m³"", ""parameter"": {""id"": 5, ""name"": ""no2"", ""units"": ""µg/m³"", ""displayName"": ""NO₂ mass""}}, {""id"": 14341863, ""name"": ""nox ppb"", ""parameter"": {""id"": 23, ""name"": ""nox"", ""units"": ""ppb"", ""displayName"": ""NOX""}}, {""id"": 36695, ""name"": ""o3 µg/m³"", ""parameter"": {""id"": 3, ""name"": ""o3"", ""units"": ""µg/m³"", ""displayName"": ""O₃ mass""}}, {""id"": 12235572, ""name"": ""o3 µg/m³"", ""parameter"": {""id"": 3, ""name"": ""o3"", ""units"": ""µg/m³"", ""displayName"": ""O₃ mass""}}, {""id"": 36696, ""name"": ""pm10 µg/m³"", ""parameter"": {""id"": 1, ""name"": ""pm10"", ""units"": ""µg/m³"", ""displayName"": ""PM10""}}, {""id"": 12235573, ""name"": ""pm10 µg/m³"", ""parameter"": {""id"": 1, ""name"": ""pm10"", ""units"": ""µg/m³"", ""displayName"": ""PM10""}}, {""id"": 12235574, ""name"": ""pm25 µg/m³"", ""parameter"": {""id"": 2, ""name"": ""pm25"", ""units"": ""µg/m³"", ""displayName"": ""PM2.5""}}, {""id"": 14237, ""name"": ""pm25 µg/m³"", ""parameter"": {""id"": 2, ""name"": ""pm25"", ""units"": ""µg/m³"", ""displayName"": ""PM2.5""}}, {""id"": 12235575, ""name"": ""relativehumidity %"", ""parameter"": {""id"": 98, ""name"": ""relativehumidity"", ""units"": ""%"", ""displayName"": ""RH""}}, {""id"": 12235576, ""name"": ""so2 ppb"", ""parameter"": {""id"": 101, ""name"": ""so2"", ""units"": ""ppb"", ""displayName"": ""SO₂""}}, {""id"": 14238, ""name"": ""so2 µg/m³"", ""parameter"": {""id"": 6, ""name"": ""so2"", ""units"": ""µg/m³"", ""displayName"": ""SO₂ mass""}}, {""id"": 12235577, ""name"": ""temperature c"", ""parameter"": {""id"": 100, ""name"": ""temperature"", ""units"": ""c"", ""displayName"": ""Temperature (C)""}}, {""id"": 14341864, ""name"": ""wind_direction deg"", ""parameter"": {""id"": 22, ""name"": ""wind_direction"", ""units"": ""deg"", ""displayName"": ""Wind direction""}}, {""id"": 14341865, ""name"": ""wind_speed m/s"", ""parameter"": {""id"": 34, ""name"": ""wind_speed"", ""units"": ""m/s"", ""displayName"": ""Wind speed""}}]",True,True
MH005,"Bandra, Mumbai - MPCB",Mumbai,Maharashtra,19.07283,72.88261,Active,7850,"Bandra, Mumbai - MPCB","[{""id"": 36455, ""name"": ""co µg/m³"", ""parameter"": {""id"": 4, ""name"": ""co"", ""units"": ""µg/m³"", ""displayName"": ""CO mass""}}, {""id"": 36453, ""name"": ""no2 µg/m³"", ""parameter"": {""id"": 5, ""name"": ""no2"", ""units"": ""µg/m³"", ""displayName"": ""NO₂ mass""}}, {""id"": 36451, ""name"": ""o3 µg/m³"", ""parameter"": {""id"": 3, ""name"": ""o3"", ""units"": ""µg/m³"", ""displayName"": ""O₃ mass""}}, {""id"": 22798, ""name"": ""pm10 µg/m³"", ""parameter"": {""id"": 1, ""name"": ""pm10"", ""units"": ""µg/m³"", ""displayName"": ""PM10""}}, {""id"": 36447, ""name"": ""pm25 µg/m³"", ""parameter"": {""id"": 2, ""name"": ""pm25"", ""units"": ""µg/m³"", ""displayName"": ""PM2.5""}}, {""id"": 36446, ""name"": ""so2 µg/m³"", ""parameter"": {""id"": 6, ""name"": ""so2"", ""units"": ""µg/m³"", ""displayName"": ""SO₂ mass""}}]",True,True
MH006,"Borivali East, Mumbai - MPCB",Mumbai,Maharashtra,19.07283,72.88261,Active,6965,"Borivali East, Mumbai - MPCB","[{""id"": 20075, ""name"": ""co µg/m³"", ""parameter"": {""id"": 4, ""name"": ""co"", ""units"": ""µg/m³"", ""displayName"": ""CO mass""}}, {""id"": 12252653, ""name"": ""co ppb"", ""parameter"": {""id"": 102, ""name"": ""co"", ""units"": ""ppb"", ""displayName"": ""CO""}}, {""id"": 12252654, ""name"": ""no ppb"", ""parameter"": {""id"": 24, ""name"": ""no"", ""units"": ""ppb"", ""displayName"": ""NO""}}, {""id"": 20081, ""name"": ""no2 µg/m³"", ""parameter"": {""id"": 5, ""name"": ""no2"", ""units"": ""µg/m³"", ""displayName"": ""NO₂ mass""}}, {""id"": 12252655, ""name"": ""no2 ppb"", ""parameter"": {""id"": 15, ""name"": ""no2"", ""units"": ""ppb"", ""displayName"": ""NO₂""}}, {""id"": 14341949, ""name"": ""nox ppb"", ""parameter"": {""id"": 23, ""name"": ""nox"", ""units"": ""ppb"", ""displayName"": ""NOX""}}, {""id"": 20084, ""name"": ""o3 µg/m³"", ""parameter"": {""id"": 3, ""name"": ""o3"", ""units"": ""µg/m³"", ""displayName"": ""O₃ mass""}}, {""id"": 12252656, ""name"": ""o3 µg/m³"", ""parameter"": {""id"": 3, ""name"": ""o3"", ""units"": ""µg/m³"", ""displayName"": ""O₃ mass""}}, {""id"": 20085, ""name"": ""pm10 µg/m³"", ""parameter"": {""id"": 1, ""name"": ""pm10"", ""units"": ""µg/m³"", ""displayName"": ""PM10""}}, {""id"": 12252657, ""name"": ""pm10 µg/m³"", ""parameter"": {""id"": 1, ""name"": ""pm10"", ""units"": ""µg/m³"", ""displayName"": ""PM10""}}, {""id"": 12252658, ""name"": ""pm25 µg/m³"", ""parameter"": {""id"": 2, ""name"": ""pm25"", ""units"": ""µg/m³"", ""displayName"": ""PM2.5""}}, {""id"": 20087, ""name"": ""pm25 µg/m³"", ""parameter"": {""id"": 2, ""name"": ""pm25"", ""units"": ""µg/m³"", ""displayName"": ""PM2.5""}}, {""id"": 12252659, ""name"": ""relativehumidity %"", ""parameter"": {""id"": 98, ""name"": ""relativehumidity"", ""units"": ""%"", ""displayName"": ""RH""}}, {""id"": 20090, ""name"": ""so2 µg/m³"", ""parameter"": {""id"": 6, ""name"": ""so2"", ""units"": ""µg/m³"", ""displayName"": ""SO₂ mass""}}, {""id"": 12252660, ""name"": ""so2 ppb"", ""parameter"": {""id"": 101, ""name"": ""so2"", ""units"": ""ppb"", ""displayName"": ""SO₂""}}, {""id"": 12252661, ""name"": ""temperature c"", ""parameter"": {""id"": 100, ""name"": ""temperature"", ""units"": ""c"", ""displayName"": ""Temperature (C)""}}, {""id"": 14341950, ""name"": ""wind_direction deg"", ""parameter"": {""id"": 22, ""name"": ""wind_direction"", ""units"": ""deg"", ""displayName"": ""Wind direction""}}, {""id"": 14341951, ""name"": ""wind_speed m/s"", ""parameter"": {""id"": 34, ""name"": ""wind_speed"", ""units"": ""m/s"", ""displayName"": ""Wind speed""}}]",True,True
MH007,"Chhatrapati Shivaji Intl. Airport (T2), Mumbai - MPCB",Mumbai,Maharashtra,19.07283,72.88261,Active,6948,"Chhatrapati Shivaji Intl. Airport (T2), Mumbai - MPCB","[{""id"": 12235855, ""name"": ""co ppb"", ""parameter"": {""id"": 102, ""name"": ""co"", ""units"": ""ppb"", ""displayName"": ""CO""}}, {""id"": 19976, ""name"": ""co µg/m³"", ""parameter"": {""id"": 4, ""name"": ""co"", ""units"": ""µg/m³"", ""displayName"": ""CO mass""}}, {""id"": 12235856, ""name"": ""no ppb"", ""parameter"": {""id"": 24, ""name"": ""no"", ""units"": ""ppb"", ""displayName"": ""NO""}}, {""id"": 19977, ""name"": ""no2 µg/m³"", ""parameter"": {""id"": 5, ""name"": ""no2"", ""units"": ""µg/m³"", ""displayName"": ""NO₂ mass""}}, {""id"": 12235857, ""name"": ""no2 ppb"", ""parameter"": {""id"": 15, ""name"": ""no2"", ""units"": ""ppb"", ""displayName"": ""NO₂""}}, {""id"": 14340928, ""name"": ""nox ppb"", ""parameter"": {""id"": 23, ""name"": ""nox"", ""units"": ""ppb"", ""displayName"": ""NOX""}}, {""id"": 19979, ""name"": ""o3 µg/m³"", ""parameter"": {""id"": 3, ""name"": ""o3"", ""units"": ""µg/m³"", ""displayName"": ""O₃ mass""}}, {""id"": 12235858, ""name"": ""o3 µg/m³"", ""parameter"": {""id"": 3, ""name"": ""o3"", ""units"": ""µg/m³"", ""displayName"": ""O₃ mass""}}, {""id"": 19980, ""name"": ""pm10 µg/m³"", ""parameter"": {""id"": 1, ""name"": ""pm10"", ""units"": ""µg/m³"", ""displayName"": ""PM10""}}, {""id"": 12235859, ""name"": ""pm10 µg/m³"", ""parameter"": {""id"": 1, ""name"": ""pm10"", ""units"": ""µg/m³"", ""displayName"": ""PM10""}}, {""id"": 12235860, ""name"": ""pm25 µg/m³"", ""parameter"": {""id"": 2, ""name"": ""pm25"", ""units"": ""µg/m³"", ""displayName"": ""PM2.5""}}, {""id"": 19981, ""name"": ""pm25 µg/m³"", ""parameter"": {""id"": 2, ""name"": ""pm25"", ""units"": ""µg/m³"", ""displayName"": ""PM2.5""}}, {""id"": 12235861, ""name"": ""relativehumidity %"", ""parameter"": {""id"": 98, ""name"": ""relativehumidity"", ""units"": ""%"", ""displayName"": ""RH""}}, {""id"": 19982, ""name"": ""so2 µg/m³"", ""parameter"": {""id"": 6, ""name"": ""so2"", ""units"": ""µg/m³"", ""displayName"": ""SO₂ mass""}}, {""id"": 12235862, ""name"": ""so2 ppb"", ""parameter"": {""id"": 101, ""name"": ""so2"", ""units"": ""ppb"", ""displayName"": ""SO₂""}}, {""id"": 12235863, ""name"": ""temperature c"", ""parameter"": {""id"": 100, ""name"": ""temperature"", ""units"": ""c"", ""displayName"": ""Temperature (C)""}}, {""id"": 14340929, ""name"": ""wind_direction deg"", ""parameter"": {""id"": 22, ""name"": ""wind_direction"", ""units"": ""deg"", ""displayName"": ""Wind direction""}}, {""id"": 14340930, ""name"": ""wind_speed m/s"", ""parameter"": {""id"": 34, ""name"": ""wind_speed"", ""units"": ""m/s"", ""displayName"": ""Wind speed""}}]",True,True
MH008,"Colaba, Mumbai - MPCB",Mumbai,Maharashtra,19.07283,72.88261,Active,6927,"Colaba, Mumbai - MPCB","[{""id"": 20137, ""name"": ""co µg/m³"", ""parameter"": {""id"": 4, ""name"": ""co"", ""units"": ""µg/m³"", ""displayName"": ""CO mass""}}, {""id"": 12235921, ""name"": ""co ppb"", ""parameter"": {""id"": 102, ""name"": ""co"", ""units"": ""ppb"", ""displayName"": ""CO""}}, {""id"": 12235922, ""name"": ""no ppb"", ""parameter"": {""id"": 24, ""name"": ""no"", ""units"": ""ppb"", ""displayName"": ""NO""}}, {""id"": 19892, ""name"": ""no2 µg/m³"", ""parameter"": {""id"": 5, ""name"": ""no2"", ""units"": ""µg/m³"", ""displayName"": ""NO₂ mass""}}, {""id"": 12235923, ""name"": ""no2 ppb"", ""parameter"": {""id"": 15, ""name"": ""no2"", ""units"": ""ppb"", ""displayName"": ""NO₂""}}, {""id"": 14341960, ""name"": ""nox ppb"", ""parameter"": {""id"": 23, ""name"": ""nox"", ""units"": ""ppb"", ""displayName"": ""NOX""}}, {""id"": 12235924, ""name"": ""o3 µg/m³"", ""parameter"": {""id"": 3, ""name"": ""o3"", ""units"": ""µg/m³"", ""displayName"": ""O₃ mass""}}, {""id"": 20139, ""name"": ""o3 µg/m³"", ""parameter"": {""id"": 3, ""name"": ""o3"", ""units"": ""µg/m³"", ""displayName"": ""O₃ mass""}}, {""id"": 20142, ""name"": ""pm10 µg/m³"", ""parameter"": {""id"": 1, ""name"": ""pm10"", ""units"": ""µg/m³"", ""displayName"": ""PM10""}}, {""id"": 12235925, ""name"": ""pm10 µg/m³"", ""parameter"": {""id"": 1, ""name"": ""pm10"", ""units"": ""µg/m³"", ""displayName"": ""PM10""}}, {""id"": 20143, ""name"": ""pm25 µg/m³"", ""parameter"": {""id"": 2, ""name"": ""pm25"", ""units"": ""µg/m³"", ""displayName"": ""PM2.5""}}, {""id"": 12235926, ""name"": ""pm25 µg/m³"", ""parameter"": {""id"": 2, ""name"": ""pm25"", ""units"": ""µg/m³"", ""displayName"": ""PM2.5""}}, {""id"": 12235927, ""name"": ""relativehumidity %"", ""parameter"": {""id"": 98, ""name"": ""relativehumidity"", ""units"": ""%"", ""displayName"": ""RH""}}, {""id"": 12235928, ""name"": ""so2 ppb"", ""parameter"": {""id"": 101, ""name"": ""so2"", ""units"": ""ppb"", ""displayName"": ""SO₂""}}, {""id"": 20144, ""name"": ""so2 µg/m³"", ""parameter"": {""id"": 6, ""name"": ""so2"", ""units"": ""µg/m³"", ""displayName"": ""SO₂ mass""}}, {""id"": 12235929, ""name"": ""temperature c"", ""parameter"": {""id"": 100, ""name"": ""temperature"", ""units"": ""c"", ""displayName"": ""Temperature (C)""}}, {""id"": 14341961, ""name"": ""wind_direction deg"", ""parameter"": {""id"": 22, ""name"": ""wind_direction"", ""units"": ""deg"", ""displayName"": ""Wind direction""}}, {""id"": 14341962, ""name"": ""wind_speed m/s"", ""parameter"": {""id"": 34, ""name"": ""wind_speed"", ""units"": ""m/s"", ""displayName"": ""Wind speed""}}]",True,True
MH009,"Kurla, Mumbai - MPCB",Mumbai,Maharashtra,19.07283,72.88261,Active,6945,"Kurla, Mumbai - MPCB","[{""id"": 12235829, ""name"": ""co ppb"", ""parameter"": {""id"": 102, ""name"": ""co"", ""units"": ""ppb"", ""displayName"": ""CO""}}, {""id"": 19993, ""name"": ""co µg/m³"", ""parameter"": {""id"": 4, ""name"": ""co"", ""units"": ""µg/m³"", ""displayName"": ""CO mass""}}, {""id"": 12235830, ""name"": ""no ppb"", ""parameter"": {""id"": 24, ""name"": ""no"", ""units"": ""ppb"", ""displayName"": ""NO""}}, {""id"": 12235831, ""name"": ""no2 ppb"", ""parameter"": {""id"": 15, ""name"": ""no2"", ""units"": ""ppb"", ""displayName"": ""NO₂""}}, {""id"": 20076, ""name"": ""no2 µg/m³"", ""parameter"": {""id"": 5, ""name"": ""no2"", ""units"": ""µg/m³"", ""displayName"": ""NO₂ mass""}}, {""id"": 14340922, ""name"": ""nox ppb"", ""parameter"": {""id"": 23, ""name"": ""nox"", ""units"": ""ppb"", ""displayName"": ""NOX""}}, {""id"": 12235832, ""name"": ""o3 µg/m³"", ""parameter"": {""id"": 3, ""name"": ""o3"", ""units"": ""µg/m³"", ""displayName"": ""O₃ mass""}}, {""id"": 19968, ""name"": ""o3 µg/m³"", ""parameter"": {""id"": 3, ""name"": ""o3"", ""units"": ""µg/m³"", ""displayName"": ""O₃ mass""}}, {""id"": 19975, ""name"": ""pm10 µg/m³"", ""parameter"": {""id"": 1, ""name"": ""pm10"", ""units"": ""µg/m³"", ""displayName"": ""PM10""}}, {""id"": 12235833, ""name"": ""pm10 µg/m³"", ""parameter"": {""id"": 1, ""name"": ""pm10"", ""units"": ""µg/m³"", ""displayName"": ""PM10""}}, {""id"": 12235834, ""name"": ""pm25 µg/m³"", ""parameter"": {""id"": 2, ""name"": ""pm25"", ""units"": ""µg/m³"", ""displayName"": ""PM2.5""}}, {""id"": 19978, ""name"": ""pm25 µg/m³"", ""parameter"": {""id"": 2, ""name"": ""pm25"", ""units"": ""µg/m³"", ""displayName"": ""PM2.5""}}, {""id"": 12235835, ""name"": ""relativehumidity %"", ""parameter"": {""id"": 98, ""name"": ""relativehumidity"", ""units"": ""%"", ""displayName"": ""RH""}}, {""id"": 19987, ""name"": ""so2 µg/m³"", ""parameter"": {""id"": 6, ""name"": ""so2"", ""units"": ""µg/m³"", ""displayName"": ""SO₂ mass""}}, {""id"": 12289836, ""name"": ""so2 ppb"", ""parameter"": {""id"": 101, ""name"": ""so2"", ""units"": ""ppb"", ""displayName"": ""SO₂""}}, {""id"": 12235836, ""name"": ""temperature c"", ""parameter"": {""id"": 100, ""name"": ""temperature"", ""units"": ""c"", ""displayName"": ""Temperature (C)""}}, {""id"": 14340923, ""name"": ""wind_direction deg"", ""parameter"": {""id"": 22, ""name"": ""wind_direction"", ""units"": ""deg"", ""displayName"": ""Wind direction""}}, {""id"": 14340924, ""name"": ""wind_speed m/s"", ""parameter"": {""id"": 34, ""name"": ""wind_speed"", ""units"": ""m/s"", ""displayName"": ""Wind speed""}}]",True,True
MH010,"Powai, Mumbai - MPCB",Mumbai,Maharashtra,19.07283,72.88261,Active,6956,"Powai, Mumbai - MPCB","[{""id"": 20125, ""name"": ""co µg/m³"", ""parameter"": {""id"": 4, ""name"": ""co"", ""units"": ""µg/m³"", ""displayName"": ""CO mass""}}, {""id"": 12235891, ""name"": ""co ppb"", ""parameter"": {""id"": 102, ""name"": ""co"", ""units"": ""ppb"", ""displayName"": ""CO""}}, {""id"": 12235892, ""name"": ""no ppb"", ""parameter"": {""id"": 24, ""name"": ""no"", ""units"": ""ppb"", ""displayName"": ""NO""}}, {""id"": 20083, ""name"": ""no2 µg/m³"", ""parameter"": {""id"": 5, ""name"": ""no2"", ""units"": ""µg/m³"", ""displayName"": ""NO₂ mass""}}, {""id"": 12235893, ""name"": ""no2 ppb"", ""parameter"": {""id"": 15, ""name"": ""no2"", ""units"": ""ppb"", ""displayName"": ""NO₂""}}, {""id"": 14340934, ""name"": ""nox ppb"", ""parameter"": {""id"": 23, ""name"": ""nox"", ""units"": ""ppb"", ""displayName"": ""NOX""}}, {""id"": 12235894, ""name"": ""o3 µg/m³"", ""parameter"": {""id"": 3, ""name"": ""o3"", ""units"": ""µg/m³"", ""displayName"": ""O₃ mass""}}, {""id"": 20054, ""name"": ""o3 µg/m³"", ""parameter"": {""id"": 3, ""name"": ""o3"", ""units"": ""µg/m³"", ""displayName"": ""O₃ mass""}}, {""id"": 20010, ""name"": ""pm10 µg/m³"", ""parameter"": {""id"": 1, ""name"": ""pm10"", ""units"": ""µg/m³"", ""displayName"": ""PM10""}}, {""id"": 12235895, ""name"": ""pm10 µg/m³"", ""parameter"": {""id"": 1, ""name"": ""pm10"", ""units"": ""µg/m³"", ""displayName"": ""PM10""}}, {""id"": 20079, ""name"": ""pm25 µg/m³"", ""parameter"": {""id"": 2, ""name"": ""pm25"", ""units"": ""µg/m³"", ""displayName"": ""PM2.5""}}, {""id"": 12235896, ""name"": ""pm25 µg/m³"", ""parameter"": {""id"": 2, ""name"": ""pm25"", ""units"": ""µg/m³"", ""displayName"": ""PM2.5""}}, {""id"": 12235897, ""name"": ""relativehumidity %"", ""parameter"": {""id"": 98, ""name"": ""relativehumidity"", ""units"": ""%"", ""displayName"": ""RH""}}, {""id"": 20101, ""name"": ""so2 µg/m³"", ""parameter"": {""id"": 6, ""name"": ""so2"", ""units"": ""µg/m³"", ""displayName"": ""SO₂ mass""}}, {""id"": 12235898, ""name"": ""so2 ppb"", ""parameter"": {""id"": 101, ""name"": ""so2"", ""units"": ""ppb"", ""displayName"": ""SO₂""}}, {""id"": 12235899, ""name"": ""temperature c"", ""parameter"": {""id"": 100, ""name"": ""temperature"", ""units"": ""c"", ""displayName"": ""Temperature (C)""}}, {""id"": 14340935, ""name"": ""wind_direction deg"", ""parameter"": {""id"": 22, ""name"": ""wind_direction"", ""units"": ""deg"", ""displayName"": ""Wind direction""}}, {""id"": 14340936, ""name"": ""wind_speed m/s"", ""parameter"": {""id"": 34, ""name"": ""wind_speed"", ""units"": ""m/s"", ""displayName"": ""Wind speed""}}]",True,True
MH011,"Sion, Mumbai - MPCB",Mumbai,Maharashtra,19.07283,72.88261,Active,6967,"Sion, Mumbai - MPCB","[{""id"": 20109, ""name"": ""co µg/m³"", ""parameter"": {""id"": 4, ""name"": ""co"", ""units"": ""µg/m³"", ""displayName"": ""CO mass""}}, {""id"": 12243925, ""name"": ""co ppb"", ""parameter"": {""id"": 102, ""name"": ""co"", ""units"": ""ppb"", ""displayName"": ""CO""}}, {""id"": 12243926, ""name"": ""no ppb"", ""parameter"": {""id"": 24, ""name"": ""no"", ""units"": ""ppb"", ""displayName"": ""NO""}}, {""id"": 20107, ""name"": ""no2 µg/m³"", ""parameter"": {""id"": 5, ""name"": ""no2"", ""units"": ""µg/m³"", ""displayName"": ""NO₂ mass""}}, {""id"": 12243927, ""name"": ""no2 ppb"", ""parameter"": {""id"": 15, ""name"": ""no2"", ""units"": ""ppb"", ""displayName"": ""NO₂""}}, {""id"": 14340938, ""name"": ""nox ppb"", ""parameter"": {""id"": 23, ""name"": ""nox"", ""units"": ""ppb"", ""displayName"": ""NOX""}}, {""id"": 20098, ""name"": ""o3 µg/m³"", ""parameter"": {""id"": 3, ""name"": ""o3"", ""units"": ""µg/m³"", ""displayName"": ""O₃ mass""}}, {""id"": 12243928, ""name"": ""o3 µg/m³"", ""parameter"": {""id"": 3, ""name"": ""o3"", ""units"": ""µg/m³"", ""displayName"": ""O₃ mass""}}, {""id"": 12243929, ""name"": ""pm10 µg/m³"", ""parameter"": {""id"": 1, ""name"": ""pm10"", ""units"": ""µg/m³"", ""displayName"": ""PM10""}}, {""id"": 20097, ""name"": ""pm10 µg/m³"", ""parameter"": {""id"": 1, ""name"": ""pm10"", ""units"": ""µg/m³"", ""displayName"": ""PM10""}}, {""id"": 12243930, ""name"": ""pm25 µg/m³"", ""parameter"": {""id"": 2, ""name"": ""pm25"", ""units"": ""µg/m³"", ""displayName"": ""PM2.5""}}, {""id"": 20096, ""name"": ""pm25 µg/m³"", ""parameter"": {""id"": 2, ""name"": ""pm25"", ""units"": ""µg/m³"", ""displayName"": ""PM2.5""}}, {""id"": 12243931, ""name"": ""relativehumidity %"", ""parameter"": {""id"": 98, ""name"": ""relativehumidity"", ""units"": ""%"", ""displayName"": ""RH""}}, {""id"": 20095, ""name"": ""so2 µg/m³"", ""parameter"": {""id"": 6, ""name"": ""so2"", ""units"": ""µg/m³"", ""displayName"": ""SO₂ mass""}}, {""id"": 12243932, ""name"": ""so2 ppb"", ""parameter"": {""id"": 101, ""name"": ""so2"", ""units"": ""ppb"", ""displayName"": ""SO₂""}}, {""id"": 12243933, ""name"": ""temperature c"", ""parameter"": {""id"": 100, ""name"": ""temperature"", ""units"": ""c"", ""displayName"": ""Temperature (C)""}}, {""id"": 14340939, ""name"": ""wind_direction deg"", ""parameter"": {""id"": 22, ""name"": ""wind_direction"", ""units"": ""deg"", ""displayName"": ""Wind direction""}}, {""id"": 14340940, ""name"": ""wind_speed m/s"", ""parameter"": {""id"": 34, ""name"": ""wind_speed"", ""units"": ""m/s"", ""displayName"": ""Wind speed""}}]",True,True
MH012,"Vasai West, Mumbai - MPCB",Mumbai,Maharashtra,19.07283,72.88261,Active,6928,"Vasai West, Mumbai - MPCB","[{""id"": 12235818, ""name"": ""co ppb"", ""parameter"": {""id"": 102, ""name"": ""co"", ""units"": ""ppb"", ""displayName"": ""CO""}}, {""id"": 19896, ""name"": ""co µg/m³"", ""parameter"": {""id"": 4, ""name"": ""co"", ""units"": ""µg/m³"", ""displayName"": ""CO mass""}}, {""id"": 12235819, ""name"": ""no ppb"", ""parameter"": {""id"": 24, ""name"": ""no"", ""units"": ""ppb"", ""displayName"": ""NO""}}, {""id"": 12235820, ""name"": ""no2 ppb"", ""parameter"": {""id"": 15, ""name"": ""no2"", ""units"": ""ppb"", ""displayName"": ""NO₂""}}, {""id"": 19893, ""name"": ""no2 µg/m³"", ""parameter"": {""id"": 5, ""name"": ""no2"", ""units"": ""µg/m³"", ""displayName"": ""NO₂ mass""}}, {""id"": 14340919, ""name"": ""nox ppb"", ""parameter"": {""id"": 23, ""name"": ""nox"", ""units"": ""ppb"", ""displayName"": ""NOX""}}, {""id"": 19895, ""name"": ""o3 µg/m³"", ""parameter"": {""id"": 3, ""name"": ""o3"", ""units"": ""µg/m³"", ""displayName"": ""O₃ mass""}}, {""id"": 12235821, ""name"": ""o3 µg/m³"", ""parameter"": {""id"": 3, ""name"": ""o3"", ""units"": ""µg/m³"", ""displayName"": ""O₃ mass""}}, {""id"": 19898, ""name"": ""pm10 µg/m³"", ""parameter"": {""id"": 1, ""name"": ""pm10"", ""units"": ""µg/m³"", ""displayName"": ""PM10""}}, {""id"": 12235822, ""name"": ""pm10 µg/m³"", ""parameter"": {""id"": 1, ""name"": ""pm10"", ""units"": ""µg/m³"", ""displayName"": ""PM10""}}, {""id"": 12235823, ""name"": ""pm25 µg/m³"", ""parameter"": {""id"": 2, ""name"": ""pm25"", ""units"": ""µg/m³"", ""displayName"": ""PM2.5""}}, {""id"": 19894, ""name"": ""pm25 µg/m³"", ""parameter"": {""id"": 2, ""name"": ""pm25"", ""units"": ""µg/m³"", ""displayName"": ""PM2.5""}}, {""id"": 12235824, ""name"": ""relativehumidity %"", ""parameter"": {""id"": 98, ""name"": ""relativehumidity"", ""units"": ""%"", ""displayName"": ""RH""}}, {""id"": 12235825, ""name"": ""so2 ppb"", ""parameter"": {""id"": 101, ""name"": ""so2"", ""units"": ""ppb"", ""displayName"": ""SO₂""}}, {""id"": 19897, ""name"": ""so2 µg/m³"", ""parameter"": {""id"": 6, ""name"": ""so2"", ""units"": ""µg/m³"", ""displayName"": ""SO₂ mass""}}, {""id"": 12235826, ""name"": ""temperature c"", ""parameter"": {""id"": 100, ""name"": ""temperature"", ""units"": ""c"", ""displayName"": ""Temperature (C)""}}, {""id"": 14340920, ""name"": ""wind_direction deg"", ""parameter"": {""id"": 22, ""name"": ""wind_direction"", ""units"": ""deg"", ""displayName"": ""Wind direction""}}, {""id"": 14340921, ""name"": ""wind_speed m/s"", ""parameter"": {""id"": 34, ""name"": ""wind_speed"", ""units"": ""m/s"", ""displayName"": ""Wind speed""}}]",True,True
MH013,"Vile Parle West, Mumbai - MPCB",Mumbai,Maharashtra,19.07283,72.88261,Active,6987,"Vile Parle West, Mumbai - MPCB","[{""id"": 12235846, ""name"": ""co ppb"", ""parameter"": {""id"": 102, ""name"": ""co"", ""units"": ""ppb"", ""displayName"": ""CO""}}, {""id"": 20236, ""name"": ""co µg/m³"", ""parameter"": {""id"": 4, ""name"": ""co"", ""units"": ""µg/m³"", ""displayName"": ""CO mass""}}, {""id"": 12235847, ""name"": ""no ppb"", ""parameter"": {""id"": 24, ""name"": ""no"", ""units"": ""ppb"", ""displayName"": ""NO""}}, {""id"": 12235848, ""name"": ""no2 ppb"", ""parameter"": {""id"": 15, ""name"": ""no2"", ""units"": ""ppb"", ""displayName"": ""NO₂""}}, {""id"": 20239, ""name"": ""no2 µg/m³"", ""parameter"": {""id"": 5, ""name"": ""no2"", ""units"": ""µg/m³"", ""displayName"": ""NO₂ mass""}}, {""id"": 14340925, ""name"": ""nox ppb"", ""parameter"": {""id"": 23, ""name"": ""nox"", ""units"": ""ppb"", ""displayName"": ""NOX""}}, {""id"": 12235849, ""name"": ""o3 µg/m³"", ""parameter"": {""id"": 3, ""name"": ""o3"", ""units"": ""µg/m³"", ""displayName"": ""O₃ mass""}}, {""id"": 20240, ""name"": ""o3 µg/m³"", ""parameter"": {""id"": 3, ""name"": ""o3"", ""units"": ""µg/m³"", ""displayName"": ""O₃ mass""}}, {""id"": 20243, ""name"": ""pm10 µg/m³"", ""parameter"": {""id"": 1, ""name"": ""pm10"", ""units"": ""µg/m³"", ""displayName"": ""PM10""}}, {""id"": 12235850, ""name"": ""pm10 µg/m³"", ""parameter"": {""id"": 1, ""name"": ""pm10"", ""units"": ""µg/m³"", ""displayName"": ""PM10""}}, {""id"": 12235851, ""name"": ""pm25 µg/m³"", ""parameter"": {""id"": 2, ""name"": ""pm25"", ""units"": ""µg/m³"", ""displayName"": ""PM2.5""}}, {""id"": 20251, ""name"": ""pm25 µg/m³"", ""parameter"": {""id"": 2, ""name"": ""pm25"", ""units"": ""µg/m³"", ""displayName"": ""PM2.5""}}, {""id"": 12235852, ""name"": ""relativehumidity %"", ""parameter"": {""id"": 98, ""name"": ""relativehumidity"", ""units"": ""%"", ""displayName"": ""RH""}}, {""id"": 20254, ""name"": ""so2 µg/m³"", ""parameter"": {""id"": 6, ""name"": ""so2"", ""units"": ""µg/m³"", ""displayName"": ""SO₂ mass""}}, {""id"": 12235853, ""name"": ""so2 ppb"", ""parameter"": {""id"": 101, ""name"": ""so2"", ""units"": ""ppb"", ""displayName"": ""SO₂""}}, {""id"": 12235854, ""name"": ""temperature c"", ""parameter"": {""id"": 100, ""name"": ""temperature"", ""units"": ""c"", ""displayName"": ""Temperature (C)""}}, {""id"": 14340926, ""name"": ""wind_direction deg"", ""parameter"": {""id"": 22, ""name"": ""wind_direction"", ""units"": ""deg"", ""displayName"": ""Wind direction""}}, {""id"": 14340927, ""name"": ""wind_speed m/s"", ""parameter"": {""id"": 34, ""name"": ""wind_speed"", ""units"": ""m/s"", ""displayName"": ""Wind speed""}}]",True,True
MH014,"Worli, Mumbai - MPCB",Mumbai,Maharashtra,19.07283,72.88261,Active,3409323,"Worli, Mumbai - MPCB","[{""id"": 12235909, ""name"": ""co ppb"", ""parameter"": {""id"": 102, ""name"": ""co"", ""units"": ""ppb"", ""displayName"": ""CO""}}, {""id"": 12235910, ""name"": ""no ppb"", ""parameter"": {""id"": 24, ""name"": ""no"", ""units"": ""ppb"", ""displayName"": ""NO""}}, {""id"": 12235911, ""name"": ""no2 ppb"", ""parameter"": {""id"": 15, ""name"": ""no2"", ""units"": ""ppb"", ""displayName"": ""NO₂""}}, {""id"": 14341954, ""name"": ""nox ppb"", ""parameter"": {""id"": 23, ""name"": ""nox"", ""units"": ""ppb"", ""displayName"": ""NOX""}}, {""id"": 12235912, ""name"": ""o3 µg/m³"", ""parameter"": {""id"": 3, ""name"": ""o3"", ""units"": ""µg/m³"", ""displayName"": ""O₃ mass""}}, {""id"": 12235913, ""name"": ""pm10 µg/m³"", ""parameter"": {""id"": 1, ""name"": ""pm10"", ""units"": ""µg/m³"", ""displayName"": ""PM10""}}, {""id"": 12235914, ""name"": ""pm25 µg/m³"", ""parameter"": {""id"": 2, ""name"": ""pm25"", ""units"": ""µg/m³"", ""displayName"": ""PM2.5""}}, {""id"": 12235915, ""name"": ""relativehumidity %"", ""parameter"": {""id"": 98, ""name"": ""relativehumidity"", ""units"": ""%"", ""displayName"": ""RH""}}, {""id"": 12235916, ""name"": ""so2 ppb"", ""parameter"": {""id"": 101, ""name"": ""so2"", ""units"": ""ppb"", ""displayName"": ""SO₂""}}, {""id"": 12235917, ""name"": ""temperature c"", ""parameter"": {""id"": 100, ""name"": ""temperature"", ""units"": ""c"", ""displayName"": ""Temperature (C)""}}, {""id"": 14341955, ""name"": ""wind_direction deg"", ""parameter"": {""id"": 22, ""name"": ""wind_direction"", ""units"": ""deg"", ""displayName"": ""Wind direction""}}, {""id"": 14341956, ""name"": ""wind_speed m/s"", ""parameter"": {""id"": 34, ""name"": ""wind_speed"", ""units"": ""m/s"", ""displayName"": ""Wind speed""}}]",True,True
BR005,"DRM Office Danapur, Patna - BSPCB",Patna,Bihar,25.59408,85.13563,Active,7495,"DRM Office Danapur, Patna - BSPCB","[{""id"": 21729, ""name"": ""co µg/m³"", ""parameter"": {""id"": 4, ""name"": ""co"", ""units"": ""µg/m³"", ""displayName"": ""CO mass""}}, {""id"": 12236186, ""name"": ""co ppb"", ""parameter"": {""id"": 102, ""name"": ""co"", ""units"": ""ppb"", ""displayName"": ""CO""}}, {""id"": 12236187, ""name"": ""no ppb"", ""parameter"": {""id"": 24, ""name"": ""no"", ""units"": ""ppb"", ""displayName"": ""NO""}}, {""id"": 12236188, ""name"": ""no2 ppb"", ""parameter"": {""id"": 15, ""name"": ""no2"", ""units"": ""ppb"", ""displayName"": ""NO₂""}}, {""id"": 21730, ""name"": ""no2 µg/m³"", ""parameter"": {""id"": 5, ""name"": ""no2"", ""units"": ""µg/m³"", ""displayName"": ""NO₂ mass""}}, {""id"": 14342014, ""name"": ""nox ppb"", ""parameter"": {""id"": 23, ""name"": ""nox"", ""units"": ""ppb"", ""displayName"": ""NOX""}}, {""id"": 21731, ""name"": ""o3 µg/m³"", ""parameter"": {""id"": 3, ""name"": ""o3"", ""units"": ""µg/m³"", ""displayName"": ""O₃ mass""}}, {""id"": 12236189, ""name"": ""o3 µg/m³"", ""parameter"": {""id"": 3, ""name"": ""o3"", ""units"": ""µg/m³"", ""displayName"": ""O₃ mass""}}, {""id"": 12236190, ""name"": ""pm10 µg/m³"", ""parameter"": {""id"": 1, ""name"": ""pm10"", ""units"": ""µg/m³"", ""displayName"": ""PM10""}}, {""id"": 21732, ""name"": ""pm10 µg/m³"", ""parameter"": {""id"": 1, ""name"": ""pm10"", ""units"": ""µg/m³"", ""displayName"": ""PM10""}}, {""id"": 21733, ""name"": ""pm25 µg/m³"", ""parameter"": {""id"": 2, ""name"": ""pm25"", ""units"": ""µg/m³"", ""displayName"": ""PM2.5""}}, {""id"": 12236191, ""name"": ""pm25 µg/m³"", ""parameter"": {""id"": 2, ""name"": ""pm25"", ""units"": ""µg/m³"", ""displayName"": ""PM2.5""}}, {""id"": 12236192, ""name"": ""relativehumidity %"", ""parameter"": {""id"": 98, ""name"": ""relativehumidity"", ""units"": ""%"", ""displayName"": ""RH""}}, {""id"": 12236193, ""name"": ""so2 ppb"", ""parameter"": {""id"": 101, ""name"": ""so2"", ""units"": ""ppb"", ""displayName"": ""SO₂""}}, {""id"": 21734, ""name"": ""so2 µg/m³"", ""parameter"": {""id"": 6, ""name"": ""so2"", ""units"": ""µg/m³"", ""displayName"": ""SO₂ mass""}}, {""id"": 12236194, ""name"": ""temperature c"", ""parameter"": {""id"": 100, ""name"": ""temperature"", ""units"": ""c"", ""displayName"": ""Temperature (C)""}}, {""id"": 14342015, ""name"": ""wind_direction deg"", ""parameter"": {""id"": 22, ""name"": ""wind_direction"", ""units"": ""deg"", ""displayName"": ""Wind direction""}}, {""id"": 14342016, ""name"": ""wind_speed m/s"", ""parameter"": {""id"": 34, ""name"": ""wind_speed"", ""units"": ""m/s"", ""displayName"": ""Wind speed""}}]",True,True
BR006,"Govt. High School Shikarpur, Patna - BSPCB",Patna,Bihar,25.59408,85.13563,Active,10630,"Govt. High School Shikarpur, Patna - BSPCB","[{""id"": 12236177, ""name"": ""co ppb"", ""parameter"": {""id"": 102, ""name"": ""co"", ""units"": ""ppb"", ""displayName"": ""CO""}}, {""id"": 35360, ""name"": ""co µg/m³"", ""parameter"": {""id"": 4, ""name"": ""co"", ""units"": ""µg/m³"", ""displayName"": ""CO mass""}}, {""id"": 12236178, ""name"": ""no ppb"", ""parameter"": {""id"": 24, ""name"": ""no"", ""units"": ""ppb"", ""displayName"": ""NO""}}, {""id"": 12236179, ""name"": ""no2 ppb"", ""parameter"": {""id"": 15, ""name"": ""no2"", ""units"": ""ppb"", ""displayName"": ""NO₂""}}, {""id"": 35350, ""name"": ""no2 µg/m³"", ""parameter"": {""id"": 5, ""name"": ""no2"", ""units"": ""µg/m³"", ""displayName"": ""NO₂ mass""}}, {""id"": 14342011, ""name"": ""nox ppb"", ""parameter"": {""id"": 23, ""name"": ""nox"", ""units"": ""ppb"", ""displayName"": ""NOX""}}, {""id"": 12236180, ""name"": ""o3 µg/m³"", ""parameter"": {""id"": 3, ""name"": ""o3"", ""units"": ""µg/m³"", ""displayName"": ""O₃ mass""}}, {""id"": 35348, ""name"": ""o3 µg/m³"", ""parameter"": {""id"": 3, ""name"": ""o3"", ""units"": ""µg/m³"", ""displayName"": ""O₃ mass""}}, {""id"": 35341, ""name"": ""pm10 µg/m³"", ""parameter"": {""id"": 1, ""name"": ""pm10"", ""units"": ""µg/m³"", ""displayName"": ""PM10""}}, {""id"": 12236181, ""name"": ""pm10 µg/m³"", ""parameter"": {""id"": 1, ""name"": ""pm10"", ""units"": ""µg/m³"", ""displayName"": ""PM10""}}, {""id"": 12236182, ""name"": ""pm25 µg/m³"", ""parameter"": {""id"": 2, ""name"": ""pm25"", ""units"": ""µg/m³"", ""displayName"": ""PM2.5""}}, {""id"": 35337, ""name"": ""pm25 µg/m³"", ""parameter"": {""id"": 2, ""name"": ""pm25"", ""units"": ""µg/m³"", ""displayName"": ""PM2.5""}}, {""id"": 12236183, ""name"": ""relativehumidity %"", ""parameter"": {""id"": 98, ""name"": ""relativehumidity"", ""units"": ""%"", ""displayName"": ""RH""}}, {""id"": 35336, ""name"": ""so2 µg/m³"", ""parameter"": {""id"": 6, ""name"": ""so2"", ""units"": ""µg/m³"", ""displayName"": ""SO₂ mass""}}, {""id"": 12236184, ""name"": ""so2 ppb"", ""parameter"": {""id"": 101, ""name"": ""so2"", ""units"": ""ppb"", ""displayName"": ""SO₂""}}, {""id"": 12236185, ""name"": ""temperature c"", ""parameter"": {""id"": 100, ""name"": ""temperature"", ""units"": ""c"", ""displayName"": ""Temperature (C)""}}, {""id"": 14342012, ""name"": ""wind_direction deg"", ""parameter"": {""id"": 22, ""name"": ""wind_direction"", ""units"": ""deg"", ""displayName"": ""Wind direction""}}, {""id"": 14342013, ""name"": ""wind_speed m/s"", ""parameter"": {""id"": 34, ""name"": ""wind_speed"", ""units"": ""m/s"", ""displayName"": ""Wind speed""}}]",True,True
BR007,"IGSC Planetarium Complex, Patna - BSPCB",Patna,Bihar,25.59408,85.13563,Active,5652,"IGSC Planetarium Complex, Patna - BSPCB","[{""id"": 12235333, ""name"": ""co ppb"", ""parameter"": {""id"": 102, ""name"": ""co"", ""units"": ""ppb"", ""displayName"": ""CO""}}, {""id"": 15084, ""name"": ""co µg/m³"", ""parameter"": {""id"": 4, ""name"": ""co"", ""units"": ""µg/m³"", ""displayName"": ""CO mass""}}, {""id"": 12235334, ""name"": ""no ppb"", ""parameter"": {""id"": 24, ""name"": ""no"", ""units"": ""ppb"", ""displayName"": ""NO""}}, {""id"": 15085, ""name"": ""no2 µg/m³"", ""parameter"": {""id"": 5, ""name"": ""no2"", ""units"": ""µg/m³"", ""displayName"": ""NO₂ mass""}}, {""id"": 12235335, ""name"": ""no2 ppb"", ""parameter"": {""id"": 15, ""name"": ""no2"", ""units"": ""ppb"", ""displayName"": ""NO₂""}}, {""id"": 14340820, ""name"": ""nox ppb"", ""parameter"": {""id"": 23, ""name"": ""nox"", ""units"": ""ppb"", ""displayName"": ""NOX""}}, {""id"": 15086, ""name"": ""o3 µg/m³"", ""parameter"": {""id"": 3, ""name"": ""o3"", ""units"": ""µg/m³"", ""displayName"": ""O₃ mass""}}, {""id"": 12235336, ""name"": ""o3 µg/m³"", ""parameter"": {""id"": 3, ""name"": ""o3"", ""units"": ""µg/m³"", ""displayName"": ""O₃ mass""}}, {""id"": 15087, ""name"": ""pm25 µg/m³"", ""parameter"": {""id"": 2, ""name"": ""pm25"", ""units"": ""µg/m³"", ""displayName"": ""PM2.5""}}, {""id"": 12235337, ""name"": ""pm25 µg/m³"", ""parameter"": {""id"": 2, ""name"": ""pm25"", ""units"": ""µg/m³"", ""displayName"": ""PM2.5""}}, {""id"": 12235338, ""name"": ""relativehumidity %"", ""parameter"": {""id"": 98, ""name"": ""relativehumidity"", ""units"": ""%"", ""displayName"": ""RH""}}, {""id"": 12235339, ""name"": ""so2 ppb"", ""parameter"": {""id"": 101, ""name"": ""so2"", ""units"": ""ppb"", ""displayName"": ""SO₂""}}, {""id"": 15089, ""name"": ""so2 µg/m³"", ""parameter"": {""id"": 6, ""name"": ""so2"", ""units"": ""µg/m³"", ""displayName"": ""SO₂ mass""}}, {""id"": 12235340, ""name"": ""temperature c"", ""parameter"": {""id"": 100, ""name"": ""temperature"", ""units"": ""c"", ""displayName"": ""Temperature (C)""}}, {""id"": 14340821, ""name"": ""wind_direction deg"", ""parameter"": {""id"": 22, ""name"": ""wind_direction"", ""units"": ""deg"", ""displayName"": ""Wind direction""}}, {""id"": 14340822, ""name"": ""wind_speed m/s"", ""parameter"": {""id"": 34, ""name"": ""wind_speed"", ""units"": ""m/s"", ""displayName"": ""Wind speed""}}]",True,True
BR008,"Muradpur, Patna - BSPCB",Patna,Bihar,25.59408,85.13563,Active,10670,"Muradpur, Patna - BSPCB","[{""id"": 35527, ""name"": ""co µg/m³"", ""parameter"": {""id"": 4, ""name"": ""co"", ""units"": ""µg/m³"", ""displayName"": ""CO mass""}}, {""id"": 12236088, ""name"": ""co ppb"", ""parameter"": {""id"": 102, ""name"": ""co"", ""units"": ""ppb"", ""displayName"": ""CO""}}, {""id"": 12236089, ""name"": ""no ppb"", ""parameter"": {""id"": 24, ""name"": ""no"", ""units"": ""ppb"", ""displayName"": ""NO""}}, {""id"": 35526, ""name"": ""no2 µg/m³"", ""parameter"": {""id"": 5, ""name"": ""no2"", ""units"": ""µg/m³"", ""displayName"": ""NO₂ mass""}}, {""id"": 12236090, ""name"": ""no2 ppb"", ""parameter"": {""id"": 15, ""name"": ""no2"", ""units"": ""ppb"", ""displayName"": ""NO₂""}}, {""id"": 14341981, ""name"": ""nox ppb"", ""parameter"": {""id"": 23, ""name"": ""nox"", ""units"": ""ppb"", ""displayName"": ""NOX""}}, {""id"": 35519, ""name"": ""o3 µg/m³"", ""parameter"": {""id"": 3, ""name"": ""o3"", ""units"": ""µg/m³"", ""displayName"": ""O₃ mass""}}, {""id"": 12236091, ""name"": ""o3 µg/m³"", ""parameter"": {""id"": 3, ""name"": ""o3"", ""units"": ""µg/m³"", ""displayName"": ""O₃ mass""}}, {""id"": 35517, ""name"": ""pm10 µg/m³"", ""parameter"": {""id"": 1, ""name"": ""pm10"", ""units"": ""µg/m³"", ""displayName"": ""PM10""}}, {""id"": 12236092, ""name"": ""pm10 µg/m³"", ""parameter"": {""id"": 1, ""name"": ""pm10"", ""units"": ""µg/m³"", ""displayName"": ""PM10""}}, {""id"": 12236093, ""name"": ""pm25 µg/m³"", ""parameter"": {""id"": 2, ""name"": ""pm25"", ""units"": ""µg/m³"", ""displayName"": ""PM2.5""}}, {""id"": 35516, ""name"": ""pm25 µg/m³"", ""parameter"": {""id"": 2, ""name"": ""pm25"", ""units"": ""µg/m³"", ""displayName"": ""PM2.5""}}, {""id"": 12236094, ""name"": ""relativehumidity %"", ""parameter"": {""id"": 98, ""name"": ""relativehumidity"", ""units"": ""%"", ""displayName"": ""RH""}}, {""id"": 12236095, ""name"": ""so2 ppb"", ""parameter"": {""id"": 101, ""name"": ""so2"", ""units"": ""ppb"", ""displayName"": ""SO₂""}}, {""id"": 35515, ""name"": ""so2 µg/m³"", ""parameter"": {""id"": 6, ""name"": ""so2"", ""units"": ""µg/m³"", ""displayName"": ""SO₂ mass""}}, {""id"": 12236096, ""name"": ""temperature c"", ""parameter"": {""id"": 100, ""name"": ""temperature"", ""units"": ""c"", ""displayName"": ""Temperature (C)""}}, {""id"": 14341982, ""name"": ""wind_direction deg"", ""parameter"": {""id"": 22, ""name"": ""wind_direction"", ""units"": ""deg"", ""displayName"": ""Wind direction""}}, {""id"": 14341983, ""name"": ""wind_speed m/s"", ""parameter"": {""id"": 34, ""name"": ""wind_speed"", ""units"": ""m/s"", ""displayName"": ""Wind speed""}}]",True,True
BR009,"Rajbansi Nagar, Patna - BSPCB",Patna,Bihar,25.59408,85.13563,Active,10599,"Rajbansi Nagar, Patna - BSPCB","[{""id"": 12236097, ""name"": ""co ppb"", ""parameter"": {""id"": 102, ""name"": ""co"", ""units"": ""ppb"", ""displayName"": ""CO""}}, {""id"": 35189, ""name"": ""co µg/m³"", ""parameter"": {""id"": 4, ""name"": ""co"", ""units"": ""µg/m³"", ""displayName"": ""CO mass""}}, {""id"": 12236098, ""name"": ""no ppb"", ""parameter"": {""id"": 24, ""name"": ""no"", ""units"": ""ppb"", ""displayName"": ""NO""}}, {""id"": 12236099, ""name"": ""no2 ppb"", ""parameter"": {""id"": 15, ""name"": ""no2"", ""units"": ""ppb"", ""displayName"": ""NO₂""}}, {""id"": 35204, ""name"": ""no2 µg/m³"", ""parameter"": {""id"": 5, ""name"": ""no2"", ""units"": ""µg/m³"", ""displayName"": ""NO₂ mass""}}, {""id"": 14341984, ""name"": ""nox ppb"", ""parameter"": {""id"": 23, ""name"": ""nox"", ""units"": ""ppb"", ""displayName"": ""NOX""}}, {""id"": 35223, ""name"": ""o3 µg/m³"", ""parameter"": {""id"": 3, ""name"": ""o3"", ""units"": ""µg/m³"", ""displayName"": ""O₃ mass""}}, {""id"": 12236100, ""name"": ""o3 µg/m³"", ""parameter"": {""id"": 3, ""name"": ""o3"", ""units"": ""µg/m³"", ""displayName"": ""O₃ mass""}}, {""id"": 12236101, ""name"": ""pm10 µg/m³"", ""parameter"": {""id"": 1, ""name"": ""pm10"", ""units"": ""µg/m³"", ""displayName"": ""PM10""}}, {""id"": 35349, ""name"": ""pm10 µg/m³"", ""parameter"": {""id"": 1, ""name"": ""pm10"", ""units"": ""µg/m³"", ""displayName"": ""PM10""}}, {""id"": 35373, ""name"": ""pm25 µg/m³"", ""parameter"": {""id"": 2, ""name"": ""pm25"", ""units"": ""µg/m³"", ""displayName"": ""PM2.5""}}, {""id"": 12236102, ""name"": ""pm25 µg/m³"", ""parameter"": {""id"": 2, ""name"": ""pm25"", ""units"": ""µg/m³"", ""displayName"": ""PM2.5""}}, {""id"": 12236103, ""name"": ""relativehumidity %"", ""parameter"": {""id"": 98, ""name"": ""relativehumidity"", ""units"": ""%"", ""displayName"": ""RH""}}, {""id"": 35386, ""name"": ""so2 µg/m³"", ""parameter"": {""id"": 6, ""name"": ""so2"", ""units"": ""µg/m³"", ""displayName"": ""SO₂ mass""}}, {""id"": 12236104, ""name"": ""so2 ppb"", ""parameter"": {""id"": 101, ""name"": ""so2"", ""units"": ""ppb"", ""displayName"": ""SO₂""}}, {""id"": 12236105, ""name"": ""temperature c"", ""parameter"": {""id"": 100, ""name"": ""temperature"", ""units"": ""c"", ""displayName"": ""Temperature (C)""}}, {""id"": 14341985, ""name"": ""wind_direction deg"", ""parameter"": {""id"": 22, ""name"": ""wind_direction"", ""units"": ""deg"", ""displayName"": ""Wind direction""}}, {""id"": 14341986, ""name"": ""wind_speed m/s"", ""parameter"": {""id"": 34, ""name"": ""wind_speed"", ""units"": ""m/s"", ""displayName"": ""Wind speed""}}]",True,True
BR010,"Samanpura, Patna - BSPCB",Patna,Bihar,25.59408,85.13563,Active,10697,"Samanpura, Patna - BSPCB","[{""id"": 12236106, ""name"": ""co ppb"", ""parameter"": {""id"": 102, ""name"": ""co"", ""units"": ""ppb"", ""displayName"": ""CO""}}, {""id"": 35630, ""name"": ""co µg/m³"", ""parameter"": {""id"": 4, ""name"": ""co"", ""units"": ""µg/m³"", ""displayName"": ""CO mass""}}, {""id"": 12236107, ""name"": ""no ppb"", ""parameter"": {""id"": 24, ""name"": ""no"", ""units"": ""ppb"", ""displayName"": ""NO""}}, {""id"": 12236108, ""name"": ""no2 ppb"", ""parameter"": {""id"": 15, ""name"": ""no2"", ""units"": ""ppb"", ""displayName"": ""NO₂""}}, {""id"": 35631, ""name"": ""no2 µg/m³"", ""parameter"": {""id"": 5, ""name"": ""no2"", ""units"": ""µg/m³"", ""displayName"": ""NO₂ mass""}}, {""id"": 14341987, ""name"": ""nox ppb"", ""parameter"": {""id"": 23, ""name"": ""nox"", ""units"": ""ppb"", ""displayName"": ""NOX""}}, {""id"": 35632, ""name"": ""o3 µg/m³"", ""parameter"": {""id"": 3, ""name"": ""o3"", ""units"": ""µg/m³"", ""displayName"": ""O₃ mass""}}, {""id"": 12236109, ""name"": ""o3 µg/m³"", ""parameter"": {""id"": 3, ""name"": ""o3"", ""units"": ""µg/m³"", ""displayName"": ""O₃ mass""}}, {""id"": 12236110, ""name"": ""pm10 µg/m³"", ""parameter"": {""id"": 1, ""name"": ""pm10"", ""units"": ""µg/m³"", ""displayName"": ""PM10""}}, {""id"": 35633, ""name"": ""pm10 µg/m³"", ""parameter"": {""id"": 1, ""name"": ""pm10"", ""units"": ""µg/m³"", ""displayName"": ""PM10""}}, {""id"": 35635, ""name"": ""pm25 µg/m³"", ""parameter"": {""id"": 2, ""name"": ""pm25"", ""units"": ""µg/m³"", ""displayName"": ""PM2.5""}}, {""id"": 12236111, ""name"": ""pm25 µg/m³"", ""parameter"": {""id"": 2, ""name"": ""pm25"", ""units"": ""µg/m³"", ""displayName"": ""PM2.5""}}, {""id"": 12236112, ""name"": ""relativehumidity %"", ""parameter"": {""id"": 98, ""name"": ""relativehumidity"", ""units"": ""%"", ""displayName"": ""RH""}}, {""id"": 35636, ""name"": ""so2 µg/m³"", ""parameter"": {""id"": 6, ""name"": ""so2"", ""units"": ""µg/m³"", ""displayName"": ""SO₂ mass""}}, {""id"": 12236113, ""name"": ""so2 ppb"", ""parameter"": {""id"": 101, ""name"": ""so2"", ""units"": ""ppb"", ""displayName"": ""SO₂""}}, {""id"": 12236114, ""name"": ""temperature c"", ""parameter"": {""id"": 100, ""name"": ""temperature"", ""units"": ""c"", ""displayName"": ""Temperature (C)""}}, {""id"": 14341988, ""name"": ""wind_direction deg"", ""parameter"": {""id"": 22, ""name"": ""wind_direction"", ""units"": ""deg"", ""displayName"": ""Wind direction""}}, {""id"": 14341989, ""name"": ""wind_speed m/s"", ""parameter"": {""id"": 34, ""name"": ""wind_speed"", ""units"": ""m/s"", ""displayName"": ""Wind speed""}}]",True,True
ML001,"Lumpyngngad, Shillong - Meghalaya PCB",Shillong,Meghalaya,25.56892,91.88313,Active,10895,"Lumpyngngad, Shillong - Meghalaya PCB","[{""id"": 36517, ""name"": ""co µg/m³"", ""parameter"": {""id"": 4, ""name"": ""co"", ""units"": ""µg/m³"", ""displayName"": ""CO mass""}}, {""id"": 12235998, ""name"": ""co ppb"", ""parameter"": {""id"": 102, ""name"": ""co"", ""units"": ""ppb"", ""displayName"": ""CO""}}, {""id"": 12235999, ""name"": ""no ppb"", ""parameter"": {""id"": 24, ""name"": ""no"", ""units"": ""ppb"", ""displayName"": ""NO""}}, {""id"": 36679, ""name"": ""no2 µg/m³"", ""parameter"": {""id"": 5, ""name"": ""no2"", ""units"": ""µg/m³"", ""displayName"": ""NO₂ mass""}}, {""id"": 12236000, ""name"": ""no2 ppb"", ""parameter"": {""id"": 15, ""name"": ""no2"", ""units"": ""ppb"", ""displayName"": ""NO₂""}}, {""id"": 14340956, ""name"": ""nox ppb"", ""parameter"": {""id"": 23, ""name"": ""nox"", ""units"": ""ppb"", ""displayName"": ""NOX""}}, {""id"": 12236001, ""name"": ""o3 µg/m³"", ""parameter"": {""id"": 3, ""name"": ""o3"", ""units"": ""µg/m³"", ""displayName"": ""O₃ mass""}}, {""id"": 36642, ""name"": ""o3 µg/m³"", ""parameter"": {""id"": 3, ""name"": ""o3"", ""units"": ""µg/m³"", ""displayName"": ""O₃ mass""}}, {""id"": 36599, ""name"": ""pm10 µg/m³"", ""parameter"": {""id"": 1, ""name"": ""pm10"", ""units"": ""µg/m³"", ""displayName"": ""PM10""}}, {""id"": 12236002, ""name"": ""pm10 µg/m³"", ""parameter"": {""id"": 1, ""name"": ""pm10"", ""units"": ""µg/m³"", ""displayName"": ""PM10""}}, {""id"": 12236003, ""name"": ""pm25 µg/m³"", ""parameter"": {""id"": 2, ""name"": ""pm25"", ""units"": ""µg/m³"", ""displayName"": ""PM2.5""}}, {""id"": 36684, ""name"": ""pm25 µg/m³"", ""parameter"": {""id"": 2, ""name"": ""pm25"", ""units"": ""µg/m³"", ""displayName"": ""PM2.5""}}, {""id"": 12236004, ""name"": ""relativehumidity %"", ""parameter"": {""id"": 98, ""name"": ""relativehumidity"", ""units"": ""%"", ""displayName"": ""RH""}}, {""id"": 12236005, ""name"": ""so2 ppb"", ""parameter"": {""id"": 101, ""name"": ""so2"", ""units"": ""ppb"", ""displayName"": ""SO₂""}}, {""id"": 36638, ""name"": ""so2 µg/m³"", ""parameter"": {""id"": 6, ""name"": ""so2"", ""units"": ""µg/m³"", ""displayName"": ""SO₂ mass""}}, {""id"": 12236006, ""name"": ""temperature c"", ""parameter"": {""id"": 100, ""name"": ""temperature"", ""units"": ""c"", ""displayName"": ""Temperature (C)""}}, {""id"": 14340957, ""name"": ""wind_direction deg"", ""parameter"": {""id"": 22, ""name"": ""wind_direction"", ""units"": ""deg"", ""displayName"": ""Wind direction""}}, {""id"": 14340958, ""name"": ""wind_speed m/s"", ""parameter"": {""id"": 34, ""name"": ""wind_speed"", ""units"": ""m/s"", ""displayName"": ""Wind speed""}}]",True,True
OD002,"Talcher Coalfields,Talcher - OSPCB",Talcher,Odisha,20.94927,85.23354,Active,5566,"Talcher Coalfields,Talcher - OSPCB","[{""id"": 14737, ""name"": ""co µg/m³"", ""parameter"": {""id"": 4, ""name"": ""co"", ""units"": ""µg/m³"", ""displayName"": ""CO mass""}}, {""id"": 12234952, ""name"": ""co ppb"", ""parameter"": {""id"": 102, ""name"": ""co"", ""units"": ""ppb"", ""displayName"": ""CO""}}, {""id"": 12234953, ""name"": ""no ppb"", ""parameter"": {""id"": 24, ""name"": ""no"", ""units"": ""ppb"", ""displayName"": ""NO""}}, {""id"": 12234954, ""name"": ""no2 ppb"", ""parameter"": {""id"": 15, ""name"": ""no2"", ""units"": ""ppb"", ""displayName"": ""NO₂""}}, {""id"": 14705, ""name"": ""no2 µg/m³"", ""parameter"": {""id"": 5, ""name"": ""no2"", ""units"": ""µg/m³"", ""displayName"": ""NO₂ mass""}}, {""id"": 14341763, ""name"": ""nox ppb"", ""parameter"": {""id"": 23, ""name"": ""nox"", ""units"": ""ppb"", ""displayName"": ""NOX""}}, {""id"": 12234955, ""name"": ""o3 µg/m³"", ""parameter"": {""id"": 3, ""name"": ""o3"", ""units"": ""µg/m³"", ""displayName"": ""O₃ mass""}}, {""id"": 14742, ""name"": ""o3 µg/m³"", ""parameter"": {""id"": 3, ""name"": ""o3"", ""units"": ""µg/m³"", ""displayName"": ""O₃ mass""}}, {""id"": 12234956, ""name"": ""pm10 µg/m³"", ""parameter"": {""id"": 1, ""name"": ""pm10"", ""units"": ""µg/m³"", ""displayName"": ""PM10""}}, {""id"": 14741, ""name"": ""pm10 µg/m³"", ""parameter"": {""id"": 1, ""name"": ""pm10"", ""units"": ""µg/m³"", ""displayName"": ""PM10""}}, {""id"": 12234957, ""name"": ""pm25 µg/m³"", ""parameter"": {""id"": 2, ""name"": ""pm25"", ""units"": ""µg/m³"", ""displayName"": ""PM2.5""}}, {""id"": 14743, ""name"": ""pm25 µg/m³"", ""parameter"": {""id"": 2, ""name"": ""pm25"", ""units"": ""µg/m³"", ""displayName"": ""PM2.5""}}, {""id"": 12234958, ""name"": ""relativehumidity %"", ""parameter"": {""id"": 98, ""name"": ""relativehumidity"", ""units"": ""%"", ""displayName"": ""RH""}}, {""id"": 12234959, ""name"": ""so2 ppb"", ""parameter"": {""id"": 101, ""name"": ""so2"", ""units"": ""ppb"", ""displayName"": ""SO₂""}}, {""id"": 14739, ""name"": ""so2 µg/m³"", ""parameter"": {""id"": 6, ""name"": ""so2"", ""units"": ""µg/m³"", ""displayName"": ""SO₂ mass""}}, {""id"": 12234960, ""name"": ""temperature c"", ""parameter"": {""id"": 100, ""name"": ""temperature"", ""units"": ""c"", ""displayName"": ""Temperature (C)""}}, {""id"": 14341764, ""name"": ""wind_direction deg"", ""parameter"": {""id"": 22, ""name"": ""wind_direction"", ""units"": ""deg"", ""displayName"": ""Wind direction""}}, {""id"": 14341765, ""name"": ""wind_speed m/s"", ""parameter"": {""id"": 34, ""name"": ""wind_speed"", ""units"": ""m/s"", ""displayName"": ""Wind speed""}}]",True,True
KL007,"Kariavattom, Thiruvananthapuram - Kerala PCB",Thiruvananthapuram,Kerala,8.4855,76.94924,Active,8190,"Kariavattom, Thiruvananthapuram - Kerala PCB","[{""id"": 12236168, ""name"": ""co ppb"", ""parameter"": {""id"": 102, ""name"": ""co"", ""units"": ""ppb"", ""displayName"": ""CO""}}, {""id"": 23899, ""name"": ""co µg/m³"", ""parameter"": {""id"": 4, ""name"": ""co"", ""units"": ""µg/m³"", ""displayName"": ""CO mass""}}, {""id"": 12236169, ""name"": ""no ppb"", ""parameter"": {""id"": 24, ""name"": ""no"", ""units"": ""ppb"", ""displayName"": ""NO""}}, {""id"": 23900, ""name"": ""no2 µg/m³"", ""parameter"": {""id"": 5, ""name"": ""no2"", ""units"": ""µg/m³"", ""displayName"": ""NO₂ mass""}}, {""id"": 12236170, ""name"": ""no2 ppb"", ""parameter"": {""id"": 15, ""name"": ""no2"", ""units"": ""ppb"", ""displayName"": ""NO₂""}}, {""id"": 14342005, ""name"": ""nox ppb"", ""parameter"": {""id"": 23, ""name"": ""nox"", ""units"": ""ppb"", ""displayName"": ""NOX""}}, {""id"": 23898, ""name"": ""o3 µg/m³"", ""parameter"": {""id"": 3, ""name"": ""o3"", ""units"": ""µg/m³"", ""displayName"": ""O₃ mass""}}, {""id"": 12236171, ""name"": ""o3 µg/m³"", ""parameter"": {""id"": 3, ""name"": ""o3"", ""units"": ""µg/m³"", ""displayName"": ""O₃ mass""}}, {""id"": 23897, ""name"": ""pm10 µg/m³"", ""parameter"": {""id"": 1, ""name"": ""pm10"", ""units"": ""µg/m³"", ""displayName"": ""PM10""}}, {""id"": 12236172, ""name"": ""pm10 µg/m³"", ""parameter"": {""id"": 1, ""name"": ""pm10"", ""units"": ""µg/m³"", ""displayName"": ""PM10""}}, {""id"": 12236173, ""name"": ""pm25 µg/m³"", ""parameter"": {""id"": 2, ""name"": ""pm25"", ""units"": ""µg/m³"", ""displayName"": ""PM2.5""}}, {""id"": 23901, ""name"": ""pm25 µg/m³"", ""parameter"": {""id"": 2, ""name"": ""pm25"", ""units"": ""µg/m³"", ""displayName"": ""PM2.5""}}, {""id"": 12236174, ""name"": ""relativehumidity %"", ""parameter"": {""id"": 98, ""name"": ""relativehumidity"", ""units"": ""%"", ""displayName"": ""RH""}}, {""id"": 23902, ""name"": ""so2 µg/m³"", ""parameter"": {""id"": 6, ""name"": ""so2"", ""units"": ""µg/m³"", ""displayName"": ""SO₂ mass""}}, {""id"": 12236175, ""name"": ""so2 ppb"", ""parameter"": {""id"": 101, ""name"": ""so2"", ""units"": ""ppb"", ""displayName"": ""SO₂""}}, {""id"": 12236176, ""name"": ""temperature c"", ""parameter"": {""id"": 100, ""name"": ""temperature"", ""units"": ""c"", ""displayName"": ""Temperature (C)""}}, {""id"": 14342006, ""name"": ""wind_direction deg"", ""parameter"": {""id"": 22, ""name"": ""wind_direction"", ""units"": ""deg"", ""displayName"": ""Wind direction""}}, {""id"": 14342007, ""name"": ""wind_speed m/s"", ""parameter"": {""id"": 34, ""name"": ""wind_speed"", ""units"": ""m/s"", ""displayName"": ""Wind speed""}}]",True,True
KL008,"Plammoodu, Thiruvananthapuram - Kerala PCB",Thiruvananthapuram,Kerala,8.4855,76.94924,Active,5646,"Plammoodu, Thiruvananthapuram - Kerala PCB","[{""id"": 15055, ""name"": ""co µg/m³"", ""parameter"": {""id"": 4, ""name"": ""co"", ""units"": ""µg/m³"", ""displayName"": ""CO mass""}}, {""id"": 12235413, ""name"": ""co ppb"", ""parameter"": {""id"": 102, ""name"": ""co"", ""units"": ""ppb"", ""displayName"": ""CO""}}, {""id"": 12235414, ""name"": ""no ppb"", ""parameter"": {""id"": 24, ""name"": ""no"", ""units"": ""ppb"", ""displayName"": ""NO""}}, {""id"": 12235415, ""name"": ""no2 ppb"", ""parameter"": {""id"": 15, ""name"": ""no2"", ""units"": ""ppb"", ""displayName"": ""NO₂""}}, {""id"": 15052, ""name"": ""no2 µg/m³"", ""parameter"": {""id"": 5, ""name"": ""no2"", ""units"": ""µg/m³"", ""displayName"": ""NO₂ mass""}}, {""id"": 14341825, ""name"": ""nox ppb"", ""parameter"": {""id"": 23, ""name"": ""nox"", ""units"": ""ppb"", ""displayName"": ""NOX""}}, {""id"": 15050, ""name"": ""o3 µg/m³"", ""parameter"": {""id"": 3, ""name"": ""o3"", ""units"": ""µg/m³"", ""displayName"": ""O₃ mass""}}, {""id"": 12235416, ""name"": ""o3 µg/m³"", ""parameter"": {""id"": 3, ""name"": ""o3"", ""units"": ""µg/m³"", ""displayName"": ""O₃ mass""}}, {""id"": 15047, ""name"": ""pm10 µg/m³"", ""parameter"": {""id"": 1, ""name"": ""pm10"", ""units"": ""µg/m³"", ""displayName"": ""PM10""}}, {""id"": 12242968, ""name"": ""pm10 µg/m³"", ""parameter"": {""id"": 1, ""name"": ""pm10"", ""units"": ""µg/m³"", ""displayName"": ""PM10""}}, {""id"": 12235417, ""name"": ""pm25 µg/m³"", ""parameter"": {""id"": 2, ""name"": ""pm25"", ""units"": ""µg/m³"", ""displayName"": ""PM2.5""}}, {""id"": 15045, ""name"": ""pm25 µg/m³"", ""parameter"": {""id"": 2, ""name"": ""pm25"", ""units"": ""µg/m³"", ""displayName"": ""PM2.5""}}, {""id"": 12235418, ""name"": ""relativehumidity %"", ""parameter"": {""id"": 98, ""name"": ""relativehumidity"", ""units"": ""%"", ""displayName"": ""RH""}}, {""id"": 12235419, ""name"": ""so2 ppb"", ""parameter"": {""id"": 101, ""name"": ""so2"", ""units"": ""ppb"", ""displayName"": ""SO₂""}}, {""id"": 15041, ""name"": ""so2 µg/m³"", ""parameter"": {""id"": 6, ""name"": ""so2"", ""units"": ""µg/m³"", ""displayName"": ""SO₂ mass""}}, {""id"": 12235420, ""name"": ""temperature c"", ""parameter"": {""id"": 100, ""name"": ""temperature"", ""units"": ""c"", ""displayName"": ""Temperature (C)""}}, {""id"": 14341826, ""name"": ""wind_direction deg"", ""parameter"": {""id"": 22, ""name"": ""wind_direction"", ""units"": ""deg"", ""displayName"": ""Wind direction""}}, {""id"": 14341827, ""name"": ""wind_speed m/s"", ""parameter"": {""id"": 34, ""name"": ""wind_speed"", ""units"": ""m/s"", ""displayName"": ""Wind speed""}}]",True,True
AP005,"GVM Corporation, Visakhapatnam - APPCB",Visakhapatnam,Andhra Pradesh,17.68009,83.20161,Active,5628,"GVM Corporation, Visakhapatnam - APPCB","[{""id"": 12235455, ""name"": ""co ppb"", ""parameter"": {""id"": 102, ""name"": ""co"", ""units"": ""ppb"", ""displayName"": ""CO""}}, {""id"": 14969, ""name"": ""co µg/m³"", ""parameter"": {""id"": 4, ""name"": ""co"", ""units"": ""µg/m³"", ""displayName"": ""CO mass""}}, {""id"": 12235456, ""name"": ""no ppb"", ""parameter"": {""id"": 24, ""name"": ""no"", ""units"": ""ppb"", ""displayName"": ""NO""}}, {""id"": 12235457, ""name"": ""no2 ppb"", ""parameter"": {""id"": 15, ""name"": ""no2"", ""units"": ""ppb"", ""displayName"": ""NO₂""}}, {""id"": 14957, ""name"": ""no2 µg/m³"", ""parameter"": {""id"": 5, ""name"": ""no2"", ""units"": ""µg/m³"", ""displayName"": ""NO₂ mass""}}, {""id"": 14340842, ""name"": ""nox ppb"", ""parameter"": {""id"": 23, ""name"": ""nox"", ""units"": ""ppb"", ""displayName"": ""NOX""}}, {""id"": 12235458, ""name"": ""o3 µg/m³"", ""parameter"": {""id"": 3, ""name"": ""o3"", ""units"": ""µg/m³"", ""displayName"": ""O₃ mass""}}, {""id"": 14950, ""name"": ""o3 µg/m³"", ""parameter"": {""id"": 3, ""name"": ""o3"", ""units"": ""µg/m³"", ""displayName"": ""O₃ mass""}}, {""id"": 14947, ""name"": ""pm10 µg/m³"", ""parameter"": {""id"": 1, ""name"": ""pm10"", ""units"": ""µg/m³"", ""displayName"": ""PM10""}}, {""id"": 12235459, ""name"": ""pm10 µg/m³"", ""parameter"": {""id"": 1, ""name"": ""pm10"", ""units"": ""µg/m³"", ""displayName"": ""PM10""}}, {""id"": 12235460, ""name"": ""pm25 µg/m³"", ""parameter"": {""id"": 2, ""name"": ""pm25"", ""units"": ""µg/m³"", ""displayName"": ""PM2.5""}}, {""id"": 14944, ""name"": ""pm25 µg/m³"", ""parameter"": {""id"": 2, ""name"": ""pm25"", ""units"": ""µg/m³"", ""displayName"": ""PM2.5""}}, {""id"": 12235461, ""name"": ""relativehumidity %"", ""parameter"": {""id"": 98, ""name"": ""relativehumidity"", ""units"": ""%"", ""displayName"": ""RH""}}, {""id"": 12235462, ""name"": ""so2 ppb"", ""parameter"": {""id"": 101, ""name"": ""so2"", ""units"": ""ppb"", ""displayName"": ""SO₂""}}, {""id"": 14939, ""name"": ""so2 µg/m³"", ""parameter"": {""id"": 6, ""name"": ""so2"", ""units"": ""µg/m³"", ""displayName"": ""SO₂ mass""}}, {""id"": 12235463, ""name"": ""temperature c"", ""parameter"": {""id"": 100, ""name"": ""temperature"", ""units"": ""c"", ""displayName"": ""Temperature (C)""}}, {""id"": 14340843, ""name"": ""wind_direction deg"", ""parameter"": {""id"": 22, ""name"": ""wind_direction"", ""units"": ""deg"", ""displayName"": ""Wind direction""}}, {""id"": 14340844, ""name"": ""wind_speed m/s"", ""parameter"": {""id"": 34, ""name"": ""wind_speed"", ""units"": ""m/s"", ""displayName"": ""Wind speed""}}]",True,True
